Schweizer Strahler 1 / 67,Prof.Dr. Pierre Favarger,Ein Vorkommen durchsichtiger Calcite in der Nähe Genfs,Mornex,
Schweizer Strahler 1 / 67,H.A. Stalder,Das mineralogische Senkblei,,
Schweizer Strahler 1 / 67,Fritz Ringgenberg,Strahlerei im Oberhasli im Spiegel der Sage und von Kanzleiakten Teil 1,,
Schweizer Strahler 1 / 67,H.A. Stalder,"Strontianit von Zingel bei Seewen, Schwyz",,
Schweizer Strahler 1 / 67,H.A. Stalder,Rutilpseudomorphose nach Ilmenit,,
Schweizer Strahler 1 / 67,H.A. Stalder,Beryll aus einer Zerrkluft am Gotthardpass,,
Schweizer Strahler 2 / 67,Guido Gross,Der Skapolith-Fund 1966,Lago Tremorgio,
Schweizer Strahler 2 / 67,Fritz Ringgenberg,Strahlerei im Oberhasli im Spiegel der Sage und von Kanzleiakten Teil 2,,
Schweizer Strahler 2 / 67,Dr. Peter von Deschwanden,Die Riesenquarze vom Oedenwinkel,,
Schweizer Strahler 2 / 67,H. Siber,Die Fluoreszenz der Mineralien Teil 1,,
Schweizer Strahler 3 / 67,H.A.Stalder,Goethit und Lepidokrokit in den Zerrklüften der Schweizer Alpen,,
Schweizer Strahler 3 / 67,Dr.L. Werlen,Strahler im Oberwallis,,
Schweizer Strahler 3 / 67,H. Siber,Die Fluoreszenz der Mineralien Teil 2,,
Schweizer Strahler 4 / 67,Albert Imhasly,Die Mineralienfunde von Fiesch und Umgebung,,
Schweizer Strahler 4 / 67,P.Benoit Bickel,Kristalle des Mittelwallis,,
Schweizer Strahler 4 / 67,H. Siber,Die Fluoreszenz der Mineralien Teil 3,,
Schweizer Strahler 1 / 68,"H. Holenweg, H.A. Stalder",Neue Mineralien aus dem Schweizer Jura,,
Schweizer Strahler 1 / 68,H. Siber,Die Fluoreszenz der Mineralien Teil 4,,
Schweizer Strahler 2 / 68,Dr.H.Grossglauser,Mineralien in der antiken Kunst,,
Schweizer Strahler 2 / 68,"A, Frey",Zirkon aus den Strandseifen des Neuenburger Sees,Gold,
Schweizer Strahler 2 / 68,Albert Wagner ,Mineralien aus den Steinbrüchen von Arvigo,,
Schweizer Strahler 2 / 68,Franz Herzog,Neue Mineralien aus dem Schweizer Jura,,
Schweizer Strahler 3 / 68,"R. Martin, J. von Raumer",Quarz mit Faden aus alpinen Klüften,,
Schweizer Strahler 3 / 68,O. Hager,Die Namensgebung einiger Mineralien,,
Schweizer Strahler 3 / 68,H.A. Stalder,"Neuer Phenakitfund von Reckingen, Goms",,
Schweizer Strahler 3 / 68,Fritz Ringgenberg,Das Eisenbergwerk im Mühletal,,
Schweizer Strahler 3 / 68,Guido Gross,Fluoreszierende Schweizer Mineralien,,
Schweizer Strahler 4 / 68,Dr. Kurt Bächler,"Die alte Goldmine ""Goldene Sonne"" am Calanda, Graubünden und der gegenwärtige Stand ihrer Erforschung Teil 2",,
Schweizer Strahler 4 / 68,Silvio Lareida,Interessante Zerrkluftmineralien des Bergells,,
Schweizer Strahler 4 / 68,A. Frey,Barytneufund in der Schweiz,"Plasselb , Fribourg ; Rhoneschlucht nordöstlich Ernen",
Schweizer Strahler 4 / 68,Dr. Günther Klahre,Exkursionsbericht Kaiserstuhl,,
Schweizer Strahler 1 / 69,Dr. Kurt Bächler,"Die alte Goldmine ""Goldene Sonne"" am Calanda, Graubünden und der gegenwärtige Stand ihrer Erforschung Teil 2",,
Schweizer Strahler 2 / 69,Gerhard Gnehm,Von der Kristallgestalt zur Struktur,,
Schweizer Strahler 2 / 69,Franz Sigl,Phenakit aus einer mineralreichen Kluft im Tavetsch,Val Val,
Schweizer Strahler 3 / 69,A. Frey,Interessante Mineralienfunde im Jura,,
Schweizer Strahler 3 / 69,A. Wagner,Muskowit pseudomorph nach Skapolith,,
Schweizer Strahler 3 / 69,Rudolf Rykart,Morenositfund ob Zermatt,,
Schweizer Strahler 3 / 69,Dr. Kurt Bächler,"Die alte Goldmine ""Goldene Sonne"" am Calanda, Graubünden und der gegenwärtige Stand ihrer Erforschung Teil 3",,
Schweizer Strahler 4 / 69,Hans Holenweg,Mineralparagenesen im Schweizer Jura,,
Schweizer Strahler 4 / 69,Rudolf Rykart,Die Goldgewinnung im Kanton Luzern,,
Schweizer Strahler 4 / 69,Kurt Neughel,Granat aus den Steinbrüchen von Arvigo,,
Schweizer Strahler 1 / 70,Rudolf Rykart,Der Quarz,,
Schweizer Strahler 1 / 70,Hermann Ogi,"Die Molybdänglanzvorkommen im Baltschiedertal, Wallis",,
Schweizer Strahler 2 / 70,F. de Quervain,Über den Bau der alpinene Quarzkristalle,,
Schweizer Strahler 2 / 70,Roger Martin,Parallele Aneinanderreihung und Gruppenwachstum von Schweizer Mineralien,,
Schweizer Strahler 2 / 70,Silvio Lareida,Elba - einmal anders,,
Schweizer Strahler 3 / 70,A. Haenisch,Auf Südwest - Afrika - Tour,Namibia,
Schweizer Strahler 3 / 70,Heinz Balmer,Wie man im alten Staate Bern die Bewilligung zum Abbau einer Kristallgrube erhielt,,
Schweizer Strahler 3 / 70,E. Lerf,Barytkugeln im Habkerntal,,
Schweizer Strahler 3 / 70,Rudolf Rykart,"Quarz mit Erdöleinschlüssen vom Rotzloch, Niedwalden",,
Schweizer Strahler 3 / 70,Christian Reufer,Gelber Turmalin aus dem Tessin,,
Schweizer Strahler 3 / 70,Martin Nyffeler,Turmalin aus der Valle della Madonna bei Brissago,,
Schweizer Strahler 3 / 70,Rudolf Rykart,Farbige Turmaline in Hellglimmerschiefer aus dem Zermattergebiet,,
Schweizer Strahler 4 / 70,Gerhard Gnehm,Vom Mineralreichtum der Zone Zermatt - Saas Fee,,
Schweizer Strahler 4 / 70,Rudolf Rykart,"Ungewöhnliche Quarzverwachsung vom Galenhorn im Saasertal, Wallis",,
Schweizer Strahler 4 / 70,Martin Nyffeler,Kleine Studie an Granatkristallen,,
Schweizer Strahler 4 / 70,Franz Herzog,Wunderschöne Quarze im Unteren Malm von Eptingen,,
Schweizer Strahler 5 / 71,"A. Edenharter, W. Nowacki",Einführung in die Kristallographie Teil 1,,
Schweizer Strahler 5 / 71,Rudolf Rykart,"Nadelquarze von Paltano im hinteren Val Bedretto, Tessin",,
Schweizer Strahler 5 / 71,A. Frey,Vom Wesen der Mineralisation des Schweizer Jura,,
Schweizer Strahler 6 / 71,"A. Edenharter, W. Nowacki",Einführung in die Kristallographie Teil 2,,
Schweizer Strahler 6 / 71,Rudolf Rykart,"Der violette Fluorit von Vorder Tal (Kerenzerberg), Glarus",,
Schweizer Strahler 6 / 71,Hans Holenweg,Neue Funde von Baryt im Schweizer Jura,,
Schweizer Strahler 6 / 71,Chr. Alean,"Vom ""Öhrlidiamanten"" zum Stern- und Szepterquarz Teil 1",,
Schweizer Strahler 7 / 71,"A. Edenharter, W. Nowacki",Einführung in die Kristallographie Teil 3,,
Schweizer Strahler 7 / 71,Hermann Ogi,"Die Molybdänglanzvorkommen im Baltschiedertal, Wallis, Ergänzung",,
Schweizer Strahler 7 / 71,Walter Zeitschel,Meteorite - Trümmer fremder Welten,,
Schweizer Strahler 8 / 71,Rudolf Rykart,Die Feldspatmineralien,!,
Schweizer Strahler 8 / 71,Roger Martin,Paralleles Wachstum von Mineralien : Albit,,
Schweizer Strahler 8 / 71,Katharina Schmid,Das Goldvorkommen im Napfgebiet,,
Schweizer Strahler 8 / 71,A. Frey,"Szepterquarz und Amianth von der Alp Prasura, Engadin",,
Schweizer Strahler 9 / 72,Hans Holenweg,Kupferkies und Malachit im Schweizer Jura,,
Schweizer Strahler 9 / 72,Quitin Wight,Pilgerfahrt ins Binntal,Rudolf Rykart (Übs.),
Schweizer Strahler 9 / 72,A. Frey,Chrysoberyll aus dem Albignagebiet,,
Schweizer Strahler 9 / 72,Martin Nyffeler,Die Pegmatite der Region Brissago,,
Schweizer Strahler 9 / 72,"W. Begert, M. Oppizzi, G. Szabo","Calcit mit Erdöleinschlüssen von Enney bei Gruyère, Fribourg",,
Schweizer Strahler 9 / 72,P. Benoit Bickel,Betrachtungen zu den Brookitvorkommen des Wallis,,
Schweizer Strahler 9 / 72,P. Stuker,Zu Unrecht vernachlässigt : die Stereoskopie,,
Schweizer Strahler 10 / 72,Chr. Alean,"Vom ""Öhrlidiamanten"" zum Stern- und Szepterquarz Teil 2",,
Schweizer Strahler 10 / 72,A. Frey,Anatas vom Oeschinensee,,
Schweizer Strahler 10 / 72,Fritz Kasper,So findet man Berylle,"Piano di Verdabbio, Val Mesolcina",
Schweizer Strahler 10 / 72,Markus Wilhelm,Milarit,,
Schweizer Strahler 10 / 72,Rudolf Rykart,"Sageniteinschlüsse in Quarzen aus dem vorderen Val Bedretto, Tessin",,
Schweizer Strahler 10 / 72,Franz Herzog,Goethit oder Nadeleisenerz,,
Schweizer Strahler 10 / 72,A. Frey,Einige Tips für die Cavradischlucht,,
Schweizer Strahler 10 / 72,Walter Zeitschel,Tektite - Glasspritzer vom Mond ?,,
Schweizer Strahler 11 / 72,Dr. P. von Deschwanden,Mineralien aus dem Sackgraben bei Adelboden,,
Schweizer Strahler 11 / 72,Fritz Buck,Kristallgrabende Mäuse,Mäusequarze,
Schweizer Strahler 11 / 72,Martin Nyffeler,Magnetit in pegmatitischen Gesteinen des Melezza - Gebietes,,
Schweizer Strahler 11 / 72,Fritz Buck,"Japaner - Zwillinge von der Nadelquarz- Fundstelle im hinteren Val Bedretto, Tessin",,
Schweizer Strahler 11 / 72,Rudolf Rykart,"Quarze vom Hausstock bei Elm, Glarus",,
Schweizer Strahler 11 / 72,Martin Nyffeler,Cordieritfundstellen in der Schweiz und den angrenzenden Gebieten,,
Schweizer Strahler 11 / 72,Annina Vital,"Seltsame Quarze aus Minas Geraes, Brasilien",Riefung durch negative Trapezoeder,
Schweizer Strahler 11 / 72,Rudolf Rykart,Barytfund in der oligozänen Molasse am Pilatus,,
Schweizer Strahler 12 / 72,Stefan Graeser,Meta- Torbernit im Binntal,,
Schweizer Strahler 12 / 72,Rudolf Rykart,"Habitusänderungen bei Quarzen aus dem Val Bedretto, Tessin",,
Schweizer Strahler 12 / 72,Rudolf Rykart,Von Quarzkristallen umwachsene Quarzkristalle,,
Schweizer Strahler 12 / 72,Rolf Bühler,Ein neuer Strontianitfund im Schweizer Jura,,
,Max Weibel,Zinkblende aus der Lukmanierschlucht,,
Schweizer Strahler 12 / 72,Martin Nyffeler,Die Südalpinen Tonerdepegmatite,,
Schweizer Strahler 12 / 72,Fritz Reichen,Die Mineralfunde am Nufenenpass,,
Schweizer Strahler 12 / 72,G.G. Laemmlein,"Über die Entstehung flacher Kristalle mit ""weißen Streifen""",z.B.  Fadenquarz,
Schweizer Strahler 1 / 73,H.A. Stalder,"Mineralien, die erstmals auf Schweizerboden entdeckt worden sind",,
Schweizer Strahler 1 / 73,R. Kleisli,Micromounter-Streifzug durch die Lägeren      Teil 1,,
Schweizer Strahler 1 / 73,Roger Martin,Septaria,,
Schweizer Strahler 1 / 73,Silvio Lareida,Berylle der Bergeller Pegmatite,,
Schweizer Strahler 1 / 73,Martin Nyffeler,Die südalpinen Chrysoberyllfunde,,
Schweizer Strahler 2 / 73,Rudolf Rykart,Wachstumsdauer eines Bergkristalls,,
Schweizer Strahler 2 / 73,A. Frey,Einige Quarzfundstellen im Val d´Illiez und in der Umgebung von Bex,,
Schweizer Strahler 2 / 73,Martin Nyffeler,Über neue Mineralien aus dem Pegmatit von Cresciano,,
Schweizer Strahler 2 / 73,Martin Nyffeler,Kupferkies aus dem Pegmatit von Cresciano,,
Schweizer Strahler 2 / 73,Athos Simonetti,"Beryll, Chrysoberyll, Turmalin, Dumortierit und Granat in Tessiner und Misoxer Pegmatiten",,
Schweizer Strahler 2 / 73,R. Kleisli,Micromounter-Streifzug durch die Lägeren      Teil 2,,
Schweizer Strahler 2 / 73,H. Lüthi,Das Reinigen von Mineralien,,
Schweizer Strahler 2 / 73,Annina Vital,Quarzkristall- Gruppe doppelendiger Kristalle,,
Schweizer Strahler 3 / 73,Marc Weidmann,"Von einem Waadtländer ""Goldrausch"" : Die Minen der Dent de Vaulion",,
Schweizer Strahler 3 / 73,Roger Martin,"Morphologie der Quarze der Zone Orpierre (Hautes Alpes, Frankreich) Teil 1",,
Schweizer Strahler 3 / 73,Rudolf Rykart,Der Blei-Zinkerzbergbau bei Goppenstein,,
Schweizer Strahler 3 / 73,Martin Nyffeler,Die Pegmatite von Ponte Brolla,,
Schweizer Strahler 4 / 73,Alex Kipfer,"Alpine Mineral-Zerrklüfte mit den seltenen Mineralien Gadolinit, Aeschynit, Synchisit, Bastnäsit und Brannerit",,
Schweizer Strahler 5 / 74,Roger Martin,"Morphologie der Quarze der Zone Orpierre (Hautes Alpes, Frankreich) Teil 2",,
Schweizer Strahler 5 / 74,Pierre Favarger,Die Mikrogeoden von Anatas und Zirkon im schweizerischen Montblancmassiv,,
Schweizer Strahler 5 / 74,Max Weibel,"Karbonatparagenesen von Obergesteln, Goms",,
Schweizer Strahler 5 / 74,G. Szabo,"Rosa Fluorit von Mièville, Unterwallis",,
Schweizer Strahler 5 / 74,Henri Pralong,Ein bescheidenes Mineralpaar aus dem Binntal : Xenotim und Monazit,,
Schweizer Strahler 6 / 74,"Stefan Graeser, Andreas Burkhard",Quarz - oder Calcit,Mimetischer Calcit,
Schweizer Strahler 6 / 74,Rudolf Rykart,Rutil in röhrenförmigen Aggregaten,,
Schweizer Strahler 6 / 74,"V. Divjacovic, W. Nowacki","Stibioniobit von Emd (Mattertal, Wallis)",,
Schweizer Strahler 6 / 74,Rudolf Blatter,Wie ein kleiner Gletscher eine grosse Rauchquarzstufe frei gibt und deren Reise ins Unterland,,
Schweizer Strahler 6 / 74,Carlo Taddei,Grono - Nadr - Valle Calanca,,
Schweizer Strahler 6 / 74,H.A. Stalder,Wann und wie sind unsere Granite entstanden ?,,
Schweizer Strahler 6 / 74,Martin Nyffeler,Graphit als Bestandteil von Tessiner Pegmatiten,,
Schweizer Strahler 6 / 74,Martin Nyffeler,Ilmenit in den Tessiner Pegmatiten,,
Schweizer Strahler 6 / 74,Martin Nyffeler,Feldergeteilter Turmalin im Pegmatit von Claro,,
Schweizer Strahler 6 / 74,Alfred Frey,Neue Mineralien aus dem Unterwallis,,
Schweizer Strahler 6 / 74,Richard Wanner,"Szepterquarze mit teilweiser Amethystfärbung von der westlichen Talseite des vorderen Val Nalps, (Tavetsch)",,
Schweizer Strahler 6 / 74,"Jakob Stieger, Rudolf Rykart","Zwei skurrile Quarzverwachsungen, Erklärung ihrer Entstehung",,
Schweizer Strahler 6 / 74,F. de Quervain,Robert L. Parker (1893 - 1973),,
Schweizer Strahler 7 / 74,F. de Quervain,Eine alte Marmorarbeit im Saanenland,,
Schweizer Strahler 7 / 74,Stefan Graeser,Mineralneufunde aus der Schweiz und angrenzenden Gebieten,"Aeschynit, Antimonit, Bastnäsit, Bavenit, Beryll, Boulangerit, Covellin, Datolith, Dickit, Digenit, Fersmit, Gold, Hemimorphit, Hydrozinkit, Ilvait, Kainosit, Konichalcit, Lepidokrokit, Millerit, Mimetesit, Mixit, Molybdänit 3 -R, Niobit, Tantalit, Phlogopit, Powellit, Pyrochlor, Pyrolusit, Schapbachit, Scheelit, Turmalinasbest, Vanadinit, Pb-Ag-Bi-Sulfosalz",
Schweizer Strahler 7 / 74,Erich Offermann,Fotografie von Kleinmineralien,,
Schweizer Strahler 7 / 74,H.A.Stalder,Bergkristalle im Schloss Spiez,,
Schweizer Strahler 7 / 74,"W.Stucki, Th. Stucki",Gipskristalle aus Leissigen,,
Schweizer Strahler 7 / 74,Alfred Frey,Hyalit und Fluorit vom Lago Tremorgio,,
Schweizer Strahler 7 / 74,Jürgen F. v. Raumer,Mineralneubildungen im Mont-Blanc-Granit,,
Schweizer Strahler 8 / 74,Peter Indergand,Ich ging Steine suchen - und fand Menschen 1,,
Schweizer Strahler 8 / 74,Annina Vital,Bergkristalle des vorderen Lugnez,,
Schweizer Strahler 8 / 74,Peter  Kürsteiner,Die Mineralfundstellen im Alpsteinmassiv,,
Schweizer Strahler 8 / 74,Jakob Stieger,Außergewöhnliche Anatasfunde in den Bündnerschiefern des Hinterrheintales,,
Schweizer Strahler 8 / 74,Peter Indergand,Meine Mineralienfunde im Zulaufstollen SBB Unteralpreuss - Ritomsee,,
Schweizer Strahler 8 / 74,E. Offermann,Kleinmineralien,,
Schweizer Strahler 9 / 75,"Alfred Frey, G. Szabo",Neues aus dem Greyerzerland,"Quarze mit c-Fläche, Szepterquarze",
Schweizer Strahler 9 / 75,Alexander Kipfer,Zeugen aus alter Zeit,antike Sammlungskästchen,
Schweizer Strahler 9 / 75,Hans Holenweg,Baryt und Hämatit aus dem Eisenerzbergwerk Herznach,,
Schweizer Strahler 9 / 75,Hans Holenweg,Betrachungen über die Entstehung der Mineralisationen im Schweizer Jura,,
Schweizer Strahler 9 / 75,Alex Kipfer,Die Lumineszenz von Mineralien mit dem Element Cer,selektive Adsorption,
Schweizer Strahler 9 / 75,Peter Indergand,Ich ging Steine suchen - und fand Menschen 2,,
Schweizer Strahler 10 / 75,"Rudolf Rykart, J. Scherer, A. Imhasly","Skapolithe vom Lago Tremorgio, Tessin",,
Schweizer Strahler 10 / 75,Peter Indergand,Ich ging Steine suchen - und fand Menschen 3,,
Schweizer Strahler 10 / 75,Redaktion,Ein außergewöhnlicher Fund,"Japanerzwilling vom Chrüzbachtobel, Vättis",
Schweizer Strahler 10 / 75,Francois Bussat,Andamooka ! Opal ! Glück ?,,
Schweizer Strahler 10 / 75,"R. Häberli, M. Fivaz",Eine Calcitmineralisation im Niederterassenschotter,,
Schweizer Strahler 10 / 75,H.A. Stalder,Edmund v. Fellenberg in Siebenbürgen,,
Schweizer Strahler 10 / 75,"G.G. Lemmlein, M.G. Kliya",Die Besonderheiten der Rissverheilung in Kristallen bei sinkender Temperatur,,
Schweizer Strahler 10 / 75,E. Offermann,Kleinmineralien,,
Schweizer Strahler 11 / 75,Albert Wagner,Von einem neuen Fundbezirk am Lukmanier,,
Schweizer Strahler 11 / 75,Hermann Ogi,Mineralien aus der Dolomitzone der Lötschberg - Südrampe,,
Schweizer Strahler 11 / 75,Jacques Deferne,Probleme des Mineralbestimmens,,
Schweizer Strahler 11 / 75,F. de Quervain,200 Jahre Mineraltopographie in der Schweiz,,
Schweizer Strahler 11 / 75,Hans Holenweg,Eisenröschen im Schweizer Jura,,
Schweizer Strahler 11 / 75,Redaktion,"Steine , die vom Himmel fallen Teil 1",Schweizer Meteorite,
Schweizer Strahler 11 / 75,E. Offermann,Kleinmineralien,,
Schweizer Strahler 12 / 75,Peter Eggenberger,Das hat der liebe Gott so schön geschliffen ...,,
Schweizer Strahler 12 / 75,Pierre Stalder,Vollkommenheit der Kristallbildungen im Sandstein,,
Schweizer Strahler 12 / 75,Werner Nellissen,Scheelitfund im Wallis,"Scheelit, Chriegalptal",
Schweizer Strahler 12 / 75,E. Offermann,Kleinmineralien,,
Schweizer Strahler 12 / 75,Redaktion,"Steine , die vom Himmel fallen Teil 2",Schweizer Meteorite,
Schweizer Strahler 1 / 76,E. Gmelin,"Bergkristall, gebogen und gebrochen",,
Schweizer Strahler 1 / 76,Toni P. Labhart,Die Radioaktivität alpiner Gesteine,,
Schweizer Strahler 1 / 76,Christian Walt,Sturm in der Nordwand des Piz Beverin,,
Schweizer Strahler 1 / 76,"W. Nowacki, H.A. Stalder",Über ein schweizerische Vorkommen von Heyrovskyit,,
Schweizer Strahler 1 / 76,Max Isler,Wunderwelt Natur in der Dunkelheit,Plaffeit,
Schweizer Strahler 1 / 76,H. Nikolaus Lauer,"Über verschiedene Mineralfunde im obersten Val Bavona, Tessin",,
Schweizer Strahler 1 / 76,"Rene Villiger, H.J. Rawyler",Auf den Spuren der alten Goldwäscher Teil 1,,
Schweizer Strahler 1 / 76,E. Offermann,Kleinmineralien,,
Schweizer Strahler 2 / 76,"W. Schlumpf, M. Schlumpf, H.A. Stalder",Alte und neue Funde in der Rotlaui bei Guttannen,,
Schweizer Strahler 2 / 76,"Rene Villiger, H.J. Rawyler",Auf den Spuren der alten Goldwäscher Teil 2,,
Schweizer Strahler 2 / 76,Redaktion,"Steine , die vom Himmel fallen Teil 3",,
Schweizer Strahler 3 / 76,F. De Quervain,"Dolomit, Aragonit und Magnesit im Serpentin von Tarasp",,
Schweizer Strahler 3 / 76,H. Meier,Flüssigkeitseinschlüsse in Quarzkristallen vom Alpstein,,
Schweizer Strahler 3 / 76,R. Rykart,Alpine Amethyste mit s- Flächen (1121),,
Schweizer Strahler 3 / 76,Hermann Ogi,Betrachtungen über Calcite vom Gasterntal,,
Schweizer Strahler 3 / 76,W. Nowacki,Über einige Mineralien der Region Ried - Mörel,,
Schweizer Strahler 3 / 76,"Karl Schuhmacher, R. Rykart","Japaner - Zwilling von der Windgällenhütte, Uri",,
Schweizer Strahler 3 / 76,Hans Mühlethaler,Fluoriteinschluss in Bergkristall,,
Schweizer Strahler 4 / 76,"Rudolf Rykart, Hans Speis",Auflösungserscheinungen an Quarzkristallen,,
Schweizer Strahler 4 / 76,"Hans Mühlethaler, W. Cabalzar","Millerit von Scharans, Graubünden",,
Schweizer Strahler 4 / 76,Stefan Graeser,Mineralneufunde aus der Schweiz und angrenzenden Gebieten II,"Allanit, Babingtonit, Bazzit, Beryll, Bismuthinit, Bismutit, Bravoit, Brushit, Djurleit, Enargit, Eulytin, Gorceixit, Greenockit, Hidalgoit, Hydronium-Jarosit, Kainosit, Melanterit, Minium, Schwefel, Taeniolith, Tilasit, Tirolit, Pumpellyit, ß- Uranophan, Cinnabarit",
Schweizer Strahler 4 / 76,Jacques Deferne,Ein großer Orthoklaskristall,,
Schweizer Strahler 5 / 77,Albert Imhasly,"Mineralfunde im vorderen Gerental im Goms, Wallis",,
Schweizer Strahler 5 / 77,"M. Weibel, B. Ayranci",Der Axinit vom Brunnital (Schächental),,
Schweizer Strahler 5 / 77,Erich Offermann,Kaiserstuhlmineralien - fotografiert,,
Schweizer Strahler 5 / 77,A. Frey,Synchisit aus dem Unterwallis,,
Schweizer Strahler 5 / 77,A. Frey,Weitere Mineralien aus dem Greyezerland,,
Schweizer Strahler 5 / 77,R. Rykart,"Zum Wachstum plattiger Quarze mit ""Faden""",,
Schweizer Strahler 5 / 77,R. Maag,Bergbau in alter Zeit,,
Schweizer Strahler 5 / 77,R. Rykart,Neufund alpiner Quarze mit Muzo-Habitus,,
Schweizer Strahler 6 / 77,R. Rykart,Sprossenquarz,,
Schweizer Strahler 6 / 77,R. Rykart,Honigbrauner Turmalin vom Madone im Val Bedretto,,
Schweizer Strahler 6 / 77,R. Martin,Apatit vom Domschleg,,
Schweizer Strahler 6 / 77,Peter Stuker,Vielfältiger Rutil,,
Schweizer Strahler 6 / 77,Bruno Strässle,Die Specksteinöfen aus dem Oberwallis,,
Schweizer Strahler 7 / 77,"Erwin Nickel, Roger Martin",Die Pyrite von Cerniat ( Fribourg) und ihre Pseudomorphosen nach Markasit,,
Schweizer Strahler 7 / 77,A. Frey,Über einen Scheelit - Neufund,Salanfe,
Schweizer Strahler 7 / 77,"Richard Wanner, Ulrich Brönnimann",Titanoxid-Mineralien aus dem Flysch der Glarneralpen,Brookit,
Schweizer Strahler 7 / 77,W. Gabriel,Mineralien aus dem Gabbro der Phiolithzone des Oberalpsteins,,
Schweizer Strahler 8 / 77,Guido Gross,Kontakt-Zwillinge von zwei Quarzfundstellen in Graubünden,,
Schweizer Strahler 8 / 77,F. de Quervain,Johann Georg Koenigsberger,,
Schweizer Strahler 8 / 77,W. Cabalzar,Funde der letzten Jahre vom Calanda,Scheelit,
Schweizer Strahler 8 / 77,Annina Vital,Mineralogische Meldung,Mikroklüfte,
Schweizer Strahler 8 / 77,P. Eggenberger,Hervorragende Calcitfunde im Tamina- und Calfeisental,,
Schweizer Strahler 8 / 77,"W. Schlumpf, M. Schlumpf",Ein Riesenapatit,"Faulhorn,'Oberwald, Wallis",
Schweizer Strahler 8 / 77,Ernst von Allmen,"Nadelquarze vom Männlichen, Bern",,
Schweizer Strahler 9 / 78,Roger Martin,Quarze aus dem Belledonne Massiv,La Gardette,
Schweizer Strahler 9 / 78,H.A. Stalder,Alte und neue Funde aus dem Wallis,"Stipnomelan, Uranophan, Autunit, Compreignacit, Fourmarierit, Vandendriesscheit, Metatorbernit, Zippeit, Bazzit, ",
Schweizer Strahler 9 / 78,Redaktion,"Steine , die vom Himmel fallen Teil 4",Schweizer Meteoriten,
Schweizer Strahler 10 / 78,Silvio Lareida,Durbegia im Bergell,,
Schweizer Strahler 10 / 78,Robert Maag,Das ehemalige Goldbergwerk Gondo - Zwischenbergen,,
Schweizer Strahler 10 / 78,Silvio Lareida,Eisenrosen aus dem Engadin,,
Schweizer Strahler 11 / 78,Stefan Graeser,Mineralneufunde aus der Schweiz und angrenzenden Gebieten III,"Aikinit, Argentopyrit, Arsen, Bassanit, Bayleyit, Bazzit, Bismuthinit, Bismutit, Bornit, Cookeit, Diopsid, Ilesit, Pyrargyrit, Realgar, Schwefel, Silber, Smythit, Stephanit, Strontianit, Vigezzit, Mangan-Berzeliit, Sarkinit , Brochantit, Dioptas, Langit, Linarit, Pharmakosiderit, Posnjakit, Serpierit, Tirolit",
Schweizer Strahler 11 / 78,Hans Baumann,Grindelwalder Mineralien,,
Schweizer Strahler 11 / 78,Ruth Bättig,"Fenster- und Fadenquarze mit Methaneinschlüssen aus dem Firstgebiet bei Grindelwald, Bern",,
Schweizer Strahler 11 / 78,Peter Kürsteiner,Die Fundstellen im Alpsteinmassiv Teil 2,,
Schweizer Strahler 11 / 78,R. Rykart,Wachstumsbehinderte Quarze ungewöhnlicher Art,,
Schweizer Strahler 12 / 78,"Dominik Stoecklin, Rolf Eichin",Mineralien aus dem Bergwerk Herznach,,
Schweizer Strahler 1 / 79,"Paul Hottinger, Silvio Lareida",Beobachtungen an Rutil,,
Schweizer Strahler 1 / 79,Alexander Kipfer,Zwei Vorkommen von Aeschynit-(Y) in der Schweiz,,
Schweizer Strahler 1 / 79,R. Rykart,Verwachsungen von Quarzkristallen aus Klüften der Innerschweizer Kalkalpen,,
Schweizer Strahler 1 / 79,Rolf von Arx,Moos als goldenes Vlies,Gold,
Schweizer Strahler 1 / 79,"R. Rykart, Karl Hotz","Erzmineralienhaltige Klüfte südlich Segnes, Graubünden","Boulangerit, Sphalerith, Galenit, Pyrrhotin, Pyrit, Chalkopyrit, Gold",
Schweizer Strahler 2 / 79,"Alexander Kipfer, Peter Stuker","Mineralien aus dem Rotondogranit - die Mineralparagensen im Stollenprofil des Furkabasistunnels, Fenster Bedretto, Ronco, Tessin",Zeichnungen Peter Stuker,
Schweizer Strahler 3 / 79,Werner Scheidegger,Schalenförmiges Quarzwachstum - ein Fund von Alp Taspin bei Zillis,,
Schweizer Strahler 3 / 79,R. Rykart,Amethyst,,
Schweizer Strahler 3 / 79,Silvio Lareida,Phänomen bei UV - Licht,,
Schweizer Strahler 3 / 79,"Stefan Graeser, E. Offermann",Gepfropfte Calcite,Szeptercalcite,
Schweizer Strahler 3 / 79,R. Rykart,Muzo-Habitus aufwiesende Kristalle,,
Schweizer Strahler 3 / 79,R. Rykart,Igelförmige Quarzaggregate,,
Schweizer Strahler 3 / 79,A.Bachmann,Eine interessante Mineralfundstelle im Schweizer Jura: Die Grube Unter Erlimoos,,
Schweizer Strahler 3 / 79,G. Rüdlinger,"Zink, Blei und Kupfer im Albulatal","Tieftobel, Schmitten",
Schweizer Strahler 4 / 79,"Stefan Graeser, W. Oberholzer, H.A. Stalder",Mineralneufunde aus der Schweiz und angrenzenden Gebieten IV,"Albit, Allanit, Analcim, Annabergit, Antimonit, Beryll, Crichtonit, Dolomit, Hemimorphit, Kaolinit, Lengenbachit (Reckibach), Milarit, Natrojarosit, Pyrolusit, Silber, Weddelit, Zinckenit, Cinnabarit, Devillin, Cornubit, Olivenit, Aurichalcit, Adamin, Leadhillit, Co-Rammelsbergit, Carollit, Antimon, Cervantit, Senarmontit, Schwefel, Hoernesit, ",
Schweizer Strahler 4 / 79,Ulrich Siegenthaler,Fund oder Glück im letzten Moment,"Bavenit von Oberwald, Goms",
Schweizer Strahler 4 / 79,"R. Rykart, Dr.J.Bischofsberger",Zwei Calcitgenerationen in ungewöhnlicher Verwachsung aus einer Kluft im Pilatusgebiet,,
Schweizer Strahler 5 / 80,"R. Rykart, Fritz Gautschi",Kettenbildende Hämatiteinschlüsse in Quarzkristallen,,
Schweizer Strahler 5 / 80,Annina Vital,Ein seltener Fund Teil 1,Bündner Bergkristalle mit gerieften negativen Trapezoederflächen,
Schweizer Strahler 5 / 80,Hans Schweizer,Alte und neue Phenakitfunde aus den Schweizer Alpen,,
Schweizer Strahler 5 / 80,Ulrich Siegenthaler,Eisenrose und Phenakit,Alp Lucendro,
Schweizer Strahler 5 / 80,John Medici,Ein außergewöhnlicher Szepter- Japanerzwiling,"Spruce Claim, King County, Washington",
Schweizer Strahler 5 / 80,"R. Rykart, Silvio Lareida","Ein Kuriosum: Tiefquarz, aufgewachsen auf Quarz, paramorph nach Hochquarz",,
Schweizer Strahler 6 / 80,"R. Rykart, Franz Haverkamp",Palygorskitvorkommen in der Zentralschweiz,,
Schweizer Strahler 6 / 80,Annina Vital,Ein seltener Fund Teil 2,Bündner Bergkristalle mit gerieften negativen Trapezoederflächen im Vergleich mit ähnlichen Kristallen aus Brasilien,
Schweizer Strahler 7 / 80,"A. Edenharter, F. Guenot, H.A. Stalder","Niob - Anatas aus dem Binntal, Wallis",Die Morphologie des Cipó- und des Bündner - Habitus,
Schweizer Strahler 7 / 80,Annina Vital,Ein seltener Fund Teil 2,,
Schweizer Strahler 7 / 80,Redaktion,Alte und neue Lengenbach - Funde,,
Schweizer Strahler 7 / 80,"R. Rykart, Hans Speis","Calcitkristalle, Habitusänderung im Laufe des Kristallwachstums",,
Schweizer Strahler 7 / 80,Jean-Pierre Roucan,Quarz mit Erdöleinschlüssen,,
Schweizer Strahler 8 / 80,H. Badoux,Die Salzminen von Bex und ihre Mineralien,,
Schweizer Strahler 8 / 80,H.A. Stalder,Epidot-Hohlformen in Quarzkristallen,,
Schweizer Strahler 8 / 80,Ulrich Siegenthaler,Die Fundstelle,Fensterquarze vom Tschingellochtighorn,
Schweizer Strahler 8 / 80,Werner Bühler,Die Fauna der Solnhofener Lagune,,
Schweizer Strahler 8 / 80,Ephraim Jossen,Fund eines selten großen Apatitkristalles in den Alpen,Gaspari - Apatit,
Schweizer Strahler 8 / 80,Redaktion,Eine wissentschaftliche Sensation: fotografierte Goldatome,,
Schweizer Strahler 9 / 81,Gerhard Gnehm,Die hochalpinen Mineralvorkommen bei Saas - Fee,,
Schweizer Strahler 9 / 81,Michael Soom,Kleinmineralien aus dem Gurnigelflysch,,
Schweizer Strahler 9 / 81,Redaktion,Ungewöhnliche Brookitkristalle,"Biancagletscher, Graubünden",
Schweizer Strahler 10 / 81,"Alex Kipfer, Peter Stuker","Mineral-Paragenesen in Orthogneisbändern des westlichen Aeginentals, Goms, Wallis",Zeichnungen Peter Stuker,
Schweizer Strahler 10 / 81,R. Oberhänsli,"Der Taraspit, eine hydrothermale Bildung im Serpentinit des Unterengadins",,
Schweizer Strahler 10 / 81,E. Offermann,"Die Geschichte vom alpinen ""Brasilianer""",Brasilianer Zwilling,
Schweizer Strahler 10 / 81,Ulrich Siegenthaler,Szepterquarze,Lötschtal,
Schweizer Strahler 10 / 81,Alfred Frey,Weiteres Vorkommen seltener Kleinmineralien im Unterwallis,Mont Chemin,
Schweizer Strahler 11 / 81,"Stefan Graeser, H.A. Stalder, W. Oberholzer, L. Schmutz",Mineralneufunde aus der Schweiz und angrenzenden Gebieten IV,"Akanthit, Allanit, Antimonoxid, Aragonit, Bastnäsit, Bavenit, Beryll, Bravoit, Ullmannit, Canizzarit, Cookeit, Cuprorivait, Goethit, Kupfer, Mimetesit, Muskowit 1M, Nickelhexahydrit, Prehnit, Rozenit, Silber, Skorodit-Mansfieldit, Tilasit, Titanit, Zinckenit, Caledonit, Kupfer-Zink-Sulfat, Chalkophyllit, Chlorotil, Cyanotrichit, Duftit, Euchroit, Metazeunerit, Rosasit, Strashimirit",
Schweizer Strahler 11 / 81,"Stefan Graeser, H.A. Stalder, W. Oberholzer, L. Schmutz",Mineralien aus dem Lengenbach,"Brannerit, Dickit, Fluorit, Lengenbachit, Paragonit, Rathit, Wurtzit-8 H",
Schweizer Strahler 11 / 81,"Stefan Graeser, H.A. Stalder, W. Oberholzer, L. Schmutz",Mineralien aus dem Val Formazza ,"Cheralith"", Monazit, Gadolinit, Xenotim, Bastnäsit, Allanit, ",
Schweizer Strahler 11 / 81,"Stefan Graeser, H.A. Stalder, W. Oberholzer, L. Schmutz","Mineralien von Bettelmatt, Formazza","Tennantit, Jordanit, Dufrenoysit, Fluorit",
Schweizer Strahler 11 / 81,"Stefan Graeser, H.A. Stalder, W. Oberholzer, L. Schmutz",Mineralien von Crevola d´Ossola,"Graphit, ",
Schweizer Strahler 11 / 81,"Walter Gabriel, Franz Dreier",Mineralien aus dem Fäldbachtal,,
Schweizer Strahler 11 / 81,Alwin Reithaar,Echte und Pseudophantome in Quarzkristallen,,
Schweizer Strahler 11 / 81,R. Rykart,Ein Fund authigener Quarze aus alpinen mesozoischen Sedimenten,,
Schweizer Strahler 12 / 81,Werner Bühler,"Echinodermen, Zeugen einstiger Meere",,
Schweizer Strahler 12 / 81,B. Cruse,Ein Brasilianer Zwilling aus dem mittelrheinischen Schiefergebirge ?,,
Schweizer Strahler 12 / 81,"R. Rykart, Hans Speis",Ein ostalpines Gangquarzvorkommen,,
Schweizer Strahler 12 / 81,"Ulrich Brönnimann, Rudolf Rykart","Kettenbildende Brookitkristalle längs dem ""Faden"" eines Flachquarzes aus dem Glarner Flysch",,
Schweizer Strahler 12 / 81,"A. Frey, T. Mummenthaler",Spessartin aus dem Binntal,,
Schweizer Strahler 1 / 82,Roger Martin,"Tunisit aus dem Departement Drome, Frankreich",,
Schweizer Strahler 1 / 82,R. Rykart,Ein höchst ungewöhnliches Amethystvorkommen,"Tasco, Mexcio",
Schweizer Strahler 1 / 82,A. Bachmann,"Über einen neuen Goldfund vom Südrand des Aarmassivs bei Naters, Wallis",,
Schweizer Strahler 2 / 82,H.A. Stalder,150 Jahre Naturhistorisches Museum Bern,,
Schweizer Strahler 3 / 82,Hans Schweizer,"Tessiner Quarze mit ""damaszierenden Flächen""",Brasilianer Zwillinge,
Schweizer Strahler 3 / 82,R. Rykart,Quarze mit Manganmineraleinschlüssen aus dem Oberhalbstein und ihre Geschichte,,
Schweizer Strahler 3 / 82,W. Cabalzar,"Beobachtungen am Tilasit von Falotta, Graubünden",,
Schweizer Strahler 3 / 82,"A. Frey, Th. Mummenthaler",Spessartin aus dem Binntal,,
Schweizer Strahler 3 / 82,Ulrich Siegenthaler,Kristalle aus dem Tal der Sonne: Val Blenio - Semione,,
Schweizer Strahler 3 / 82,"A. Frey, J. von Raumer",Neues Uranmineral aus dem Val du Trient,Uranopilit,
Schweizer Strahler 4 / 82,Josef Mullis,Sternquarz,,
Schweizer Strahler 4 / 82,J. Bischofsberger,Zwillingsformen beim Calcit,!,
Schweizer Strahler 4 / 82,Josef Mullis,"Die Entstehungsgeschichte von Opal, Chalcedon und Quarz von Gran Canaria","Zeichnungen von Josef Mullis, Becherquarz",
Schweizer Strahler 5 / 83,"Alex Kipfer, Peter Stuker","Die Mineralparagenesen der Granophyre von Carona (Tessin, Schweiz) und Cuasso al Monte (Italien)",Zeichnungen Peter Stuker,
Schweizer Strahler 6 / 83,J. Bischofsberger,Calcitzwillinge aus dem Entlebuch,,
Schweizer Strahler 6 / 83,Victor Jans,Mondmilch vom Mondmilchloch am Pilatus,,
Schweizer Strahler 6 / 83,G. Rüdlinger,Blei und Zink am Munt Buffalora (Ofenpass),,
Schweizer Strahler 6 / 83,G. Rüdlinger,Ein neuer Bergeisenfund am Munt Buffalora ( Ofenpass ),,
Schweizer Strahler 6 / 83,Martin Simonett,Val Punteglias,,
Schweizer Strahler 6 / 83,"G. Berset, Dominique de Peyer",Elbait vom Nufenen,,
Schweizer Strahler 6 / 83,Aldo Toroni,Ein bemerkenswerter Apatit aus dem Furkatunnel,,
Schweizer Strahler 7 / 83,Robert Maag,Neue Erkenntnisse und Beobachtungen an rezenten Goldablagerungen (Seifen) des Napfgebietes,,
Schweizer Strahler 7 / 83,Peter Stuker,Mineralien mit seltenen Erden : Spektroskopie,,
Schweizer Strahler 7 / 83,Bertold Suhner,Bestimmen von Mineralien mit Infrarot - Spektroskopie,,
Schweizer Strahler 7 / 83,"R. Rykart, Walter frei, Dölf Würsch",Grüner Fluorit aus Quarzgängen im Nufenengebiet,,
Schweizer Strahler 7 / 83,R. Rykart,Bambauerquarze mit horizontal gestreiften Flächen,,
Schweizer Strahler 7 / 83,Aldo Toroni,"Ein Fluoritkristall aus dem Gotthardstraßentunnel, Südseite",,
Schweizer Strahler 8 / 83,"R. Rykart, Franz Haverkamp",Kugelförmige Barytkonkretionen aus dem Wildflysch,,
Schweizer Strahler 8 / 83,Albert Wagner,"Die Mineralien aus dem Val Calanca und den Steinbrüchen von Arvigo, Graubünden",,
Schweizer Strahler 8 / 83,Stefan Graeser,"Anatase aus der ""Lärcheltinizone"", Binntal",,
Schweizer Strahler 8 / 83,Urs Oberli,Der Saurierfriedhof am Tendaguru,,
Schweizer Strahler 9 / 84,R. Rykart,"Angelöste Bambauerquarze vom Tomülpass im Safiental, Graubünden",,
Schweizer Strahler 9 / 84,"Alex Kipfer, Peter Stuker","Die Mineral-Paragenese im Schrattenkalk des Steinbruchs ""Waag"", Unteriberg, Schwyz",Zeichnungen Peter Stuker,
Schweizer Strahler 9 / 84,Franco Brughera,Ein ungewöhnlicher Apatit von der Fibbia,,
Schweizer Strahler 9 / 84,Aldo Toroni,Magnetitkristalle aus dem Adula-Gebiet,,
Schweizer Strahler 9 / 84,Alwin Reithaar,Gesetzmässige Verwachsung grönländischer Bergkristalle,Gitterquarz,
Schweizer Strahler 10 / 84,R. Rykart,Zum Quarzwachstum in einer zentralalpinen Kluft,,
Schweizer Strahler 10 / 84,W. Cabalzar,"Über die Mineralien von Falotta, Graubünden",,
Schweizer Strahler 10 / 84,Aldo Toroni,Chabasit - Funde im Tessin,,
Schweizer Strahler 10 / 84,Hans K. Hess,Eine neue Varietät der Seelilie Millericrinus milleri aus dem unteren Oxford von Liesberg,,
Schweizer Strahler 11 / 84,Aldo Toroni,"Scheelitkristalle von der Alpe Bovarina (Val di Campo) und Iragna, die schönsten, bisher im Tessin gefundenen",,
Schweizer Strahler 11 / 84,Guy Berset,Warum eigentlich synthetische Kristalle,Verfahrenstechnik !,
Schweizer Strahler 11 / 84,Franco Brughera,"Kluftberyll aus dem Steinbruch von Arvigo, Val Calanca",,
Schweizer Strahler 11 / 84,Silvio Lareida,"Apophyllit, Bavenit und Bertrandit vom Bergell",,
Schweizer Strahler 12 / 84,Hans K. Hess,Ein seltener Seeigel aus dem Malm des Juras,,
Schweizer Strahler 12 / 84,E. Offermann,Von dünntafeligen bis langprismatischen Anataskristallen - eine kleine Anatas - Morphologie aus schweizerischen Vorkommen,,
Schweizer Strahler 12 / 84,R. Rykart,Die Enantiomorphie des Quarzes,,
Schweizer Strahler 12 / 84,Stefan Graeser,"Die Mineralien des Straßentunnels Mittal - Hohtenn, Wallis","z. B. Canizzarit, Cosalit, Heyrovskyit, Scheelit, Pyrrhotin",
Schweizer Strahler 12 / 84,C.A. Meyer,Die Seesterne vom Weissenstein,,
Schweizer Strahler 12 / 84,Greti Wälti,Plaudereien über die Mineralien aus dem Furka - Basis- Tunnel,,
Schweizer Strahler 12 / 84,R. Rykart,Zu den Kristallformen in den Barytkonkretionen des Wildflysches,,
Schweizer Strahler 1 / 85,Pierre Favarger,Sind alle Zirkone des Mont-Blanc-Massivs sehr alt ?,,
Schweizer Strahler 1 / 85,R. Rykart,"Nautilus, ein lebendes Fossil",,
Schweizer Strahler 1 / 85,Roger Martin,"Die Septarien aus den Oxformergeln der Drome und aus den Hautes Alpes, Frankreich",,
Schweizer Strahler 1 / 85,Hansrudolf Michel,Fund eines sehr großen Fensterquarzes im Kanton Obwalden,,
Schweizer Strahler 1 / 85,Norbert Burgener,Über ein neues Amethystvorkommen im Binntal,,
Schweizer Strahler 1 / 85,Annemarie Zbinden,Ein Vergleich zwischen rezenten und fossilen Seeigeln aus dem Korallenriff,,
Schweizer Strahler 2  / 85,"Beda Hofmann, Franz Hofmann","Die Mineralien des Steinbruchs Wippel bei Thayngen, Solothurn",,
Schweizer Strahler 2  / 85,Aldo Toroni,"Weitere Chabasitfundstellen im Tessin: Val Onsernone, Centovalli und Riviera",,
Schweizer Strahler 2  / 85,"H.A. Stalder, Th. Armbruster","Ein seltenes Sulfosalz vom Zevreilasee, Vals, Graubünden",Antimon - Giessenit,
Schweizer Strahler 2  / 85,R. Rykart,Vergleich der relativen Wachstumsgeschwindigkeit von Tafelspat und Quarz,,
Schweizer Strahler 2  / 85,"Daniel Hiltbrunner, Max Hiltbrunner",Faszinierender Farben- und Formenreichtum am Beispiel einiger Titanitkristalle,,
Schweizer Strahler 3  / 85,Hans Hess,"Nachträge zu "" Die fossilen Echinodermen des Schweizer Jura "" Echiniden, 1. Beitrag",,
Schweizer Strahler 3  / 85,"Rudolf Rykart, Hansrudolf MIchel","Szepterkappenquarze von der Grimsel, Bern",,
Schweizer Strahler 3  / 85,Carl Bodemnann,Binntaler Funde 1,,
Schweizer Strahler 3  / 85,Walter Frei,"Zu den Echinodermenfunde von Schinznach - Dorf, Aargau",,
Schweizer Strahler 3  / 85,"Walter Frei, R. Rykart","Ungewöhnlich ausgebildeter Flachquarz mit gegabeltem milchigem Faden vom Zwölfihorn im Piz Beverin-Gebiet, Graubünden",,
Schweizer Strahler 3  / 85,"Hermann Ogi, Michael Soom",Synchisit,"Aegerten, Baltschiedertal",
Schweizer Strahler 3  / 85,H.A. Stalder,Das Mineralienkabinett des F.L.  Tscharner,,
Schweizer Strahler 3  / 85,Aldo Toroni,Neue Fluoritfunde auf der Südseite des Gotthardmassivs,,
Schweizer Strahler 4  / 85,Hans Baumann,Zu den Quarzformen von Grindelwald,,
Schweizer Strahler 4  / 85,R. Rykart,Dauphineer- und Brasilianer-Zwillingsgrenzen auf natürlich angeätzten Quarzen,,
Schweizer Strahler 4  / 85,R. Rykart,Farbzentrenbildungen in Quarzen,,
Schweizer Strahler 4  / 85,Lelio Bernardoni,Mineraliensuche in Marokko,,
Schweizer Strahler 4  / 85,Silvio Lareida,Axinitfund im Samnaum,,
Schweizer Strahler 4  / 85,Andreas Burkhard,Arsenolamprit und Arsen vom Lengenbach,,
Schweizer Strahler 5  / 86,"Peter Kürsteienr, Michael Soom",Chobelwand - Fluoritfundstelle im Alpstein,,
Schweizer Strahler 5  / 86,R. Rykart,Wachstumsbeschleunigung durch Zwillingsbildung,Japanerzwillinge,
Schweizer Strahler 5  / 86,Aldo Toroni,Helle und dunkle Rauchquarze mit Tessinerhabitus,,
Schweizer Strahler 6  / 86,"A. Bachmann, R. Eichin. H.R. Rüegg, L. Schmutz, C. Vogel","Antimon - Mineralien aus dem Malcantone, Vorkommen und Ausbildung",Aranno,
Schweizer Strahler 6  / 86,Peter Stuker,Anataszwillinge aus dem Rotondogranit,Furkatunnel,
Schweizer Strahler 7 / 86,E. Offermann,Stereofotografien von Mineralien,,
Schweizer Strahler 7 / 86,Hans Hess,Eine neue Seesternplatte vom Weissenstein,,
Schweizer Strahler 7 / 86,P. Vollenweider,"Eine überraschende Entdeckung an Quarzkristallen vom Bächistock, Uri",verdrehte Friedländerquarze,
Schweizer Strahler 7 / 86,"Th. Mummenthaler, Alfred Frey","Neue Mineralparagenese vom Gischigletscher, Binntal","Gold, Bismuthinit, Metatorbernit, Bismutit, ",
Schweizer Strahler 7 / 86,"R. Rykart, Rudolf Volken","Flache Amethystaggregate aus dem Gebiet des Binntales, Wallis",Chummibort,
Schweizer Strahler 7 / 86,"R. Rykart, G. Kronig",Axinit und Titait aus dem Zermattergebiet,,
Schweizer Strahler 8 / 86,Alexander Beck,Das Wachstumsphänomen imperfekter Zwillingskristalle,,
Schweizer Strahler 8 / 86,"R. Rykart, G. Kronig","Ein außergewöhnlicher Quarzfund am Stockchnubel bei Zermatt, Wallis",,
Schweizer Strahler 8 / 86,Carl Bodenmann,Binntalerfunde II,Kathedralenquarz,
Schweizer Strahler 8 / 86,Annemarie Zbinden,"Nachträge zu "" Die fossilen Echinodermen des Schweizer Jura "" Echiniden, 2. Beitrag",,
Schweizer Strahler 8 / 86,Annemarie Zbinden,"Nachträge zu "" Die fossilen Echinodermen des Schweizer Jura "" Echiniden, 3. Beitrag",,
Schweizer Strahler 8 / 86,"Thomas Geiger, Hans Altdorfer",Über einen Fund von Ullmannit beim Bau des Furkabasistunnels,,
Schweizer Strahler 8 / 86,"R. Rykart, K. Schindler, A. Imsand",Über drei Mineralfunde im Oberwallis,"Quarzfund auf Gämschfax, nordwestlich Obergesteln ; Rosafluorit aus dem hinteren Gerental ; Leicht bläulich schimmernde Quarze vom Ritzhorn auf der Griesgletscher Nordseite",
Schweizer Strahler 8 / 86,E. Offermann,Kleinmineralien in 3 - D aus dem Schweizer Jura,,
Schweizer Strahler 9 / 87,R. Rykart,Herkunft der Begriffe Kristall und Kristallographie,,
Schweizer Strahler 9 / 87,R. Rykart,Ungewöhnlich ausgebildete Amethystdoppelender aus dem Aarmassiv,,
Schweizer Strahler 9 / 87,Annemarie Zbinden,"Nachträge zu "" Die fossilen Echinodermen des Schweizer Jura ""  4. Beitrag",,
Schweizer Strahler 9 / 87,Aldo Toroni,Ein Aquamarin von Claro,,
Schweizer Strahler 9 / 87,Aldo Toroni,Quarzkristalle vom Gotthardgebiet mit Muzo-Habitus bildender trigonaler Streifung,,
Schweizer Strahler 9 / 87,R. Rykart,Falsche Diamanten,,
Schweizer Strahler 10 / 87,H.A. Stalder,"Die geschützte Mineralkluft an der Gerstenegg, Grimsel, Bern",,
Schweizer Strahler 10 / 87,Ernst Rufibach,Bericht über die Arbeit an der geschützten Kluft,,
Schweizer Strahler 11 / 87,Stefan Graeser,Neue Mineralfunde aus der Region Cherbadung / Cervandone,,
Schweizer Strahler 11 / 87,"Pierre Rerroud, Nicolas Meisser","Die Sulfate von Les Valettes, Wallis",,
Schweizer Strahler 11 / 87,Carl Bodenmann,Bintaler Funde III,Binneltini,
Schweizer Strahler 11 / 87,"R. Rykart, Ferdinand Bochsler",Rosafarbige Monazitkristalle von Guttannen,,
Schweizer Strahler 11 / 87,Aldo Toroni,"Adulare ungewöhnlicher Größe vom Pizzo dell´Arzo, Val Bavona, Tessin",,
Schweizer Strahler 11 / 87,Annemarie Zbinden,"Nachträge zu "" Die fossilen Echinodermen des Schweizer Jura ""  5. Beitrag, 1. Teil",,
Schweizer Strahler 12 / 87,Röbi Hauser,Zwei ereignisreiche Tage in Uri,"Müeterslihorn, Uri ; Intschitobel",
Schweizer Strahler 12 / 87,"R. Rykart, Karl Hotz",Hyalit als jüngste Mineralbildung in einer alpinen Zerrkluft,,
Schweizer Strahler 12 / 87,Annemarie Zbinden,"Nachträge zu "" Die fossilen Echinodermen des Schweizer Jura ""  5. Beitrag, 2. Teil",,
Schweizer Strahler 12 / 87,Hans Hess,Ein Schlangenstern aus dem OberenJura von Reuchenette,,
Schweizer Strahler 12 / 87,Walter Gabriel,Asbestförmige Mineralstoffe,,
Schweizer Strahler 12 / 87,E. Offermann,"3 x TiO², 3 - D",,
Schweizer Strahler 1 / 88,"Thomas Geiger, Walter Cabalzar","Tripuhyit - ein neuer Fund von Falotta, Graubünden",,
Schweizer Strahler 1 / 88,A. Frey,Steinbruch Enney 1987,,
Schweizer Strahler 1 / 88,"Hans Fischer, Gunter Militzer","Neuvermessung der Höhle Mondmilchloch, Pilatus",,
Schweizer Strahler 1 / 88,Aldo Toroni,Herkunft der für den Reliquienschrein von San Carlo verwendeten Quarze,,
Schweizer Strahler 1 / 88,Annemarie Zbinden,"Nachträge zu "" Die fossilen Echinodermen des Schweizer Jura ""  6. Beitrag",,
Schweizer Strahler 2 / 88,"H.A. Stalder, Ch. Wenger",Scheelit aus dem Aar- und Gotthardmassiv,,
Schweizer Strahler 2 / 88,H.A. Stalder,Phenakit aus dem Druntobel,,
Schweizer Strahler 2 / 88,E. Offermann,Apatit und Milarit aus dem Vorderrheingebiet,,
Schweizer Strahler 2 / 88,E. Offermann,Bündner Quarzkristalle mit Einschlüsssen anderer Mineralien,,
Schweizer Strahler 2 / 88,Annemarie Zbinden,"Nachträge zu "" Die fossilen Echinodermen des Schweizer Jura ""  7. Beitrag",,
Schweizer Strahler 3 / 88,Hans Fischer,"Glaukonit: Vorkommen, Mineralogie, Bedeutung",,
Schweizer Strahler 3 / 88,Aldo Toroni,"Ein flächenreicher Pyrit von der Scinfüs, Tessin",,
Schweizer Strahler 3 / 88,"Th. Mummenthaler, A. Frey, Christian Margot","Cervandonit-(Ce), ein neues Mineral aus der Region Cherbadung ",,
Schweizer Strahler 3 / 88,R. Rykart,Amethystfarbige Quarzkristalle aus dem Jura,,
Schweizer Strahler 4 / 88,E. Offermann,Kleine Morphologie von Granatkristallen aus der Schweiz - Idealbild und Wirklichkeit,,
Schweizer Strahler 4 / 88,"Hermann Ogi, Michael Soom","Eine Winterfundstelle: Fluorit und andere Mineralien von Eggerberg (Lötschberg - Südrampe, Wallis )",,
Schweizer Strahler 4 / 88,Flavio Rizzi,Axinitfund im oberen Val Maggia,,
Schweizer Strahler 4 / 88,E. Offermann,Lengenbachit auf einer koreanischen Briefmarke,,
Schweizer Strahler 4 / 88,Hans Mory,Goldene Haare,Millerit,
Schweizer Strahler 4 / 88,Bernard Hiltpold,Das Museum im Hospiz des Grossen Sankt Bernhard,,
,,,,
,,,,
,,,,
,,,,
,,,,
Schweizer Strahler 1 / 2000,B. Schaub,"Die Eisenrose vom Gotthard, ein Jahrhundertfund",,D:\Klaus\+Mineral\Datenbank 03\Literaturdatenbank\Schweizer Strahler\Schweizer Strahler als pdf\Schweizer Strahler 2000 01 300.pdf
Schweizer Strahler 1 / 2000,H. Heldner,Zum Stabilisieren von Edelsteinen,,
Schweizer Strahler 1 / 2000,Dr. A. Toroni,Schwarze Turmaline aus dem Val Bavona,,
Schweizer Strahler 1 / 2000,A. Frey,Schweizer Rubine von Hand geschliffen,,
Schweizer Strahler 1 / 2000,R. Reuse,Mineralogische Kuriositäten,,
Schweizer Strahler 1 / 2000,A. Frey,Säulensteine – Stylolithen,,
Schweizer Strahler 1 / 2000,F. Isepponi,Wind und Wetter beim Ilmenitrosenfund 1987,,
Schweizer Strahler 1 / 2000,R. Rykart,"Die Quarze von Ploemeur, Bretagne, Frankreich",,
Schweizer Strahler 1 / 2000,Dr. E. Offermann,Zur Morphologie des Staurolithes,,
Schweizer Strahler 2 / 2000,"A. Wagner, Prof. Dr. H. A. Stalder","Arvigo, eine der bekanntesten Mineralfundstellen der Schweiz, Teil eins",,D:\Klaus\+Mineral\Datenbank 03\Literaturdatenbank\Schweizer Strahler\Schweizer Strahler als pdf\Schweizer Strahler 2000 02 300.pdf
Schweizer Strahler 2 / 2000,Dr. D. Decrouez,Geologische Wanderungen in den Alpen der Haute Savoie: Der Chinaillon und seine Umgebung,,
Schweizer Strahler 2 / 2000,"A. van der Burgt, Dr. S. Cuchet","Entdeckung von Torbernit am Gischigletscher, Binntal, Wallis, Schweiz",,
Schweizer Strahler 2 / 2000,N. Meisser,Befristete Ausstellung des Musée cantonal de Lausanne: Edelsteine,,
Schweizer Strahler 3 / 2000,"S. Ansermet, N. Meisser","Die Mineralien der Skarne vom Mount Chemin, Wallis",,D:\Klaus\+Mineral\Datenbank 03\Literaturdatenbank\Schweizer Strahler\Schweizer Strahler als pdf\Schweizer Strahler 2000 03 300.pdf
Schweizer Strahler 3 / 2000,C. Bodenmann,"Quarze und Fluorite am Calanda, Graubünden",,
Schweizer Strahler 3 / 2000,"A. Wagner, Prof. Dr. H. A. Stalder","Arvigo, eine der bekanntesten Mineralfundstellen der Schweiz, Teil zwei",,
Schweizer Strahler 4 / 2000,W. Bürgi,Der Schatz aus der Tiefe des Berges,Die Mineralienaufsicht der NEAT-Baustelle im Urnerland,D:\Klaus\+Mineral\Datenbank 03\Literaturdatenbank\Schweizer Strahler\Schweizer Strahler als pdf\Schweizer Strahler 2000 04 300.pdf
Schweizer Strahler 4 / 2000,B. Werner,"Ein Fund , der fast verschlafen wurde",Quarzkluft an der Grimsel,
Schweizer Strahler 4 / 2000,J. - B. De Lamarck,Über die Fossilien,,
Schweizer Strahler 4 / 2000,M. Monbaron,Knochenjagd in Marokko,,
Schweizer Strahler 4 / 2000,W. Bürgi,Eine Leidenschaft für Gold,Helvetisches Goldmuseum in Burgdorf,
Schweizer Strahler 1 / 2001,"J. Mullis, R. Oberhänsli",Kronleuchter aus Bergkristall,Aus den schweizer Alpen in die friedrizianischen Schösser von Potsdam und Berlin; Sanssoucis,D:\Klaus\+Mineral\Datenbank 03\Literaturdatenbank\Schweizer Strahler\Schweizer Strahler als pdf\Schweizer Strahler 2001 01 300.pdf
Schweizer Strahler 1 / 2001,"U. Menkveld-Gfeller, A. Klee",Elfenbein im Kanton Bern,,
Schweizer Strahler 1 / 2001,"H. Zehnder, R. Gruber, T. Imhof",Golden und perfekt: auf Mineraliensuche in Spanien – glänzende Pyritwürfel und mehr,,
Schweizer Strahler 1 / 2001,H. Heldner,Blühende Fantasie – Handelsbezeichnungen und Fantasienamen für Edelsteine,,
Schweizer Strahler 1 / 2001,W. Bähler,Die Fingernagelkluft im Baltschiedertal,,
Schweizer Strahler 1 / 2001,W. Bürgi,Philosoph auf Wanderschaft: Rudolf Zihlmann – was mir meine Steine bedeuten,,
Schweizer Strahler 1 / 2001,H. Heldner,Der ideale Schliffwinkel,,
Schweizer Strahler 2 / 2001,W. Bürgi,Finden macht glücklich – wie Emil Zgraggen auf der Winteregg den „Christbaum“ entdeckte,,D:\Klaus\+Mineral\Datenbank 03\Literaturdatenbank\Schweizer Strahler\Schweizer Strahler als pdf\Schweizer Strahler 2001 02 300.pdf
Schweizer Strahler 2 / 2001,"J. Brugger, N. Meisser, T. Mummenthaler, P. Berlepsch",Neu: der Cabalzarit,,
Schweizer Strahler 2 / 2001,"P. Roth, R. P. Richards, F. Vanini","Schon oft erwähnt, aber noch nie beschrieben: Anatas epitaktisch auf Hämatit von der Gorb im Binntal",,
Schweizer Strahler 2 / 2001,P. J. Andermatt,Im Jura am schönsten,Coelestin,
Schweizer Strahler 3 / 2001,P. Hottinger,Der Urschläfer von Messel,,D:\Klaus\+Mineral\Datenbank 03\Literaturdatenbank\Schweizer Strahler\Schweizer Strahler als pdf\Schweizer Strahler 2001 03 300.pdf
Schweizer Strahler 3 / 2001,P. Hottinger,Neanderthaler unsere Vorfahren ?,,
Schweizer Strahler 3 / 2001,C. Vifian,Neugier gepaart mit Rücksicht auf die Natur – Strahlen in den oberen Lagen des Val Bedretto,,
Schweizer Strahler 3 / 2001,H. E. Richter,"Die Berge, der Vater und ein paar Kristalle",Zermatt,
Schweizer Strahler 3 / 2001,"M. Schäfer, H. R. Pfeiffer, O. Favre",Gefährdet Speckstein die Gesundheit,,
Schweizer Strahler 3 / 2001,F. Isepponi,Strahlen in grossen Höhen,Amethyst vom Aconcagua,
Schweizer Strahler 4 / 2001,"P. Berlepsch, S. Graeser",Sicherit – ein neues Thallium-Sulfosalz,,D:\Klaus\+Mineral\Datenbank 03\Literaturdatenbank\Schweizer Strahler\Schweizer Strahler als pdf\Schweizer Strahler 2001 04 300.pdf
Schweizer Strahler 4 / 2001,P. Hottinger,"Gar nicht so selten, aber kostbar",die seltenen Erden – Bedeutung und Anwendung,
Schweizer Strahler 4 / 2001,P. Hottinger,Tauchen nach lebendem Fossil,Quastenflosser,
Schweizer Strahler 4 / 2001,U. Schaltegger,Die ältesten Kristalle der Erde,"4,4 Milliarden alte Zirkonkristalle",
Schweizer Strahler 4 / 2001,"P. Berlepsch, H. R. Rüegg",Schweizer Erstbestimmung: Xilingolit,Strassentunnel Mittal – Hohtenn,
Schweizer Strahler 1 / 2002,B. Fuhrimann,In der freien Natur abschalten _ Erfahrungen eines Einsteigers,,D:\Klaus\+Mineral\Datenbank 03\Literaturdatenbank\Schweizer Strahler\Schweizer Strahler als pdf\Schweizer Strahler 2002 01 300.pdf
Schweizer Strahler 1 / 2002,J. Kreiliger,Altvater der Strahler und Bergsteiger,Placidus a Spescha,
Schweizer Strahler 1 / 2002,F. Girlanda,Vom Smaragd zum Tanteuxenit – die seltenen Mineralien des Val Vigezzo im Piemont,,
Schweizer Strahler 1 / 2002,P. J. Andermatt,Unscheinbar und oft verwechselt – das Mineral Baryt,,
Schweizer Strahler 2 / 2002,"S. Ansermet, N. Meisser","Das Gold vom Tete des Econduits, Mont Chemin, Wallis",,D:\Klaus\+Mineral\Datenbank 03\Literaturdatenbank\Schweizer Strahler\Schweizer Strahler als pdf\Schweizer Strahler 2002 02 300.pdf
Schweizer Strahler 2 / 2002,"A. Frey, F. Guenot",Gold vom Mont Chemin,,
Schweizer Strahler 2 / 2002,K. Loretan,Die Kluft vor der Haustür,Brig,
Schweizer Strahler 2 / 2002,R. Bürgler,Faszination blauer Bernstein,,
Schweizer Strahler 2 / 2002,"H. Zehnder, M. Bieri, T. Imhof",Suche nach den blauen Steinen,Coelestin auf Madgaskar,
Schweizer Strahler 2 / 2002,P. Hottinger,Mehr als ein Produkt der Erosion,Radiolarien,
Schweizer Strahler 3 / 2002,"J. Brugger, N. Meisser",Turtmannit – ein teuflisches Sandwich,,D:\Klaus\+Mineral\Datenbank 03\Literaturdatenbank\Schweizer Strahler\Schweizer Strahler als pdf\Schweizer Strahler 2002 03 300.pdf
Schweizer Strahler 3 / 2002,D. Schwickert,Wo Messingblüten blühen – seltene Mineralienfunde im deutschen Kalksteinbruch Wülfrath,,
Schweizer Strahler 4 / 2002,B. Zwyssig,Tansanit – begehrt und umstritten,,D:\Klaus\+Mineral\Datenbank 03\Literaturdatenbank\Schweizer Strahler\Schweizer Strahler als pdf\Schweizer Strahler 2002 04 300.pdf
Schweizer Strahler 4 / 2002,W. Schäfer,"Garantiert gute Aussichten – Dioptas aus Omaue, Namibia",,
Schweizer Strahler 4 / 2002,P. J. Andermatt,Zutritt stengstens verboten – leider,La Reuchenette nicht mehr zugänglich,
Schweizer Strahler 4 / 2002,T. Stepp,Wie aus Mineralien natürliche Heilmittel werden,Esotherik par excellence,
Schweizer Strahler 4 / 2002,P. Hottinger,Spuren in historischen Smaragden,,
Schweizer Strahler 1 / 2003,Dr. R. Marchant,Neue Ausstellung in Lausanne,,D:\Klaus\+Mineral\Datenbank 03\Literaturdatenbank\Schweizer Strahler\Schweizer Strahler als pdf\Schweizer Strahler 2003 01 300.pdf
Schweizer Strahler 1 / 2003,L. Poiré,Ein Strahlertraum wird wahr,Fieschergletscher,
Schweizer Strahler 1 / 2003,R. Maag,Gold unter dem Röntgenstrahl,Goldanalysen von schweizer Gold,
Schweizer Strahler 1 / 2003,W. Bürgi,Der Stein ist wirklich echt !,Quarz mit großem Pyriteinschluß aus Brasilien,
 ,,,,
,,,,
,,,,
,,,,
Schweizer Strahler 3 / 2003,"W. E. Halter, T. Pettke",Wie Gold-Kupfer-Erze entstehen,porphyrische Lagerstätten,D:\Klaus\+Mineral\Datenbank 03\Literaturdatenbank\Schweizer Strahler\Schweizer Strahler als pdf\Schweizer Strahler 2003 03 300.pdf
Schweizer Strahler 3 / 2003,"S. Cuchet, C. Schnyder, N. Meisser","Die Mineralien des A Neuve Gletschers im Val Ferret, Wallis",,
Schweizer Strahler 4 / 2003,"T. Mummenthaler, A. Frey","Smaragd aus dem Feldbachtal, Binntal",,D:\Klaus\+Mineral\Datenbank 03\Literaturdatenbank\Schweizer Strahler\Schweizer Strahler als pdf\Schweizer Strahler 2003 04 300.pdf
Schweizer Strahler 4 / 2003,"M. S. Krzemnicki, G. Bosshart",Der Binntal-Smaragd als Juwel,,
Schweizer Strahler 4 / 2003,S. Cuchet  ,Aphthitalit-Blüten auf Beton,,
Schweizer Strahler 1 / 2004,P. Hottinger,Leuchtendes Gestein,Kiruna,D:\Klaus\+Mineral\Datenbank 03\Literaturdatenbank\Schweizer Strahler\Schweizer Strahler als pdf\Schweizer Strahler 2004 01 300.pdf
Schweizer Strahler 1 / 2004,P. Hottinger,Bakterien als Alchemisten,,
Schweizer Strahler 1 / 2004,R. Bürgler,Fossile Baumfunde am Rossberg,,
Schweizer Strahler 1 / 2004,W. Bürgi,Die Strahlen am Piz Regina,,
Schweizer Strahler 1 / 2004,A. Frey,Edelsteine aus dem Reisfeld,Ceylon,
Schweizer Strahler 2 / 2004,"N. Meisser, J. Brugger",Ansermetit – ein neues Mineral aus den schweizer Alpen,,D:\Klaus\+Mineral\Datenbank 03\Literaturdatenbank\Schweizer Strahler\Schweizer Strahler als pdf\Schweizer Strahler 2004 02 300.pdf
Schweizer Strahler 2 / 2004,V. Sialm-Bossard,Milarit aus dem Val Giuv,,
Schweizer Strahler 2 / 2004,T. Arlt,Strahlen im Mont Blanc Gebiet,,
Schweizer Strahler 3 / 2004,T. Arlt,Anfängerglück,Feldschijen,D:\Klaus\+Mineral\Datenbank 03\Literaturdatenbank\Schweizer Strahler\Schweizer Strahler als pdf\Schweizer Strahler 2004 03 300.pdf
Schweizer Strahler 3 / 2004,W. Amstad,Zirkon vom Felskinn,,
Schweizer Strahler 3 / 2004,U. Schaltegger,Zirkon vom Felskinn,,
Schweizer Strahler 3 / 2004,W. Schäfer,Kostbarkeiten am Wüstenrand,"Goboboseb, Brandberg",
Schweizer Strahler 3 / 2004,P. Indergand,Die Kristallsucher vom Rossplattenfels,Steinzeitliche Kristallsucher,
Schweizer Strahler 3 / 2004,A. Berger,Schöne Turmaline von der Turbenalp im Binntal,,
Schweizer Strahler 4 / 2004,H. Bürgi,Der Traum von der eigenen Kluft,Triftgletschergebiet,D:\Klaus\+Mineral\Datenbank 03\Literaturdatenbank\Schweizer Strahler\Schweizer Strahler als pdf\Schweizer Strahler 2004 04 300.pdf
Schweizer Strahler 4 / 2004,"E. Rufibach, R. Martin",Beobachtungen an Quarzkristallen aus der Kluft am Zinggenstock,,
Schweizer Strahler 4 / 2004,"R. Martin, N. Meisser, D. Beaudet","Strontiodresserit, ein höchst seltenes Mineral",Drome,
Schweizer Strahler 4 / 2004,O. Roth,"Ein paar Strahltage im Etzlital, Uri",,
Schweizer Strahler 1 / 2005,T. Arlt,"Das gemeinsame Auftreten von Brookit, Anatas und Rutil",,D:\Klaus\+Mineral\Datenbank 03\Literaturdatenbank\Schweizer Strahler\Schweizer Strahler als pdf\Schweizer Strahler 2005 01 300.pdf
Schweizer Strahler 1 / 2005,A. Salzmann,"Adulare aus dem Blinnental, Oberwallis",,
Schweizer Strahler 1 / 2005,F. Woldert,Unterwegs nach Kristallschätzen im Göschenertal,,
Schweizer Strahler 1 / 2005,A. R. Puschnig,Kristalle vom Ozeanboden in den Alpen ?,Rodingite,
Schweizer Strahler 1 / 2005,"S. Graeser, G. Reuse","Mineralien aus dem Strassentunnel Martigny, Wallis",,
Schweizer Strahler 2 / 2005,P. J. Andermatt,Neues aus dem Schweizer Jura,,D:\Klaus\+Mineral\Datenbank 03\Literaturdatenbank\Schweizer Strahler\Schweizer Strahler als pdf\Schweizer Strahler 2005 02 300.pdf
Schweizer Strahler 2 / 2005,"T. Raber, R. Cannon, S. Graeser",Tochilinit vom Lengenbach,,
Schweizer Strahler 2 / 2005,"S. Cuchet, A. Van der Burgt, N. Meisser","Chummibort, eine neue Fundstelle für Arsenmineralien im Binntal",,
Schweizer Strahler 2 / 2005,P. Hottinger,Jarosit und die Marsforschung,,
Schweizer Strahler 3 / 2005,"U. Wolf, R. Walter",Sensationelle Zepterquarze aus dem Ticino,,D:\Klaus\+Mineral\Datenbank 03\Literaturdatenbank\Schweizer Strahler\Schweizer Strahler als pdf\Schweizer Strahler 2005 03 300.pdf
Schweizer Strahler 3 / 2005,K. Stöckli,Matterhorn im Beryll,,
Schweizer Strahler 3 / 2005,K. Stauffer,Erschwerte Abstiege,Gauligletscher,
Schweizer Strahler 3 / 2005,U. Menkveld-Gfeller,Tropenwald im Berner Oberland,,
Schweizer Strahler 3 / 2005,H. D. Zehfuß,Der Weg einer Schweizer Mineralstufe,,
Schweizer Strahler 3 / 2005,C. Flückinger,"Die Verlegenheitskluft – oder die Kluft am Feldbach, Binntal",,
Schweizer Strahler 3 / 2005,"W. Gabriel, S. Graeser",Neues aus der Dolomitzone Lengenbach- Mässerbach,,
Schweizer Strahler 4 / 2005,H. Koch,UNESCO und Strahlen im Einklang,,D:\Klaus\+Mineral\Datenbank 03\Literaturdatenbank\Schweizer Strahler\Schweizer Strahler als pdf\Schweizer Strahler 2005 04 300.pdf
Schweizer Strahler 4 / 2005,R. Blatter,Der Fund am Moorigen Wärch,sehr altes Strahlerwerkzeug,
Schweizer Strahler 4 / 2005,T. Mummenthaler,Die seltsame Geschichte der Photogravüre Nr.2,,
Schweizer Strahler 4 / 2005,T. Arlt,Die größte Anataskluft der Welt,Hardanggervidda,
Schweizer Strahler 4 / 2005,B. Wanner,Der Kristallsaal in der Mine von Bex,,
Schweizer Strahler 4 / 2005,"T. Aeberhard, T. Arlt",Speleologische Erkundungen im Bergbau „Les Trappistes“,,
Schweizer Strahler 4 / 2005,B. A. Hofmann,Die Twannberg-Eisenmeteoriten,,
Schweizer Strahler 1 / 2006,dito,Schweizer Strahlerinnen,,D:\Klaus\+Mineral\Datenbank 03\Literaturdatenbank\Schweizer Strahler\Schweizer Strahler als pdf\Schweizer Strahler 2006 01 300.pdf
Schweizer Strahler 1 / 2006,V. Sialm-Bossard,Eine außerordentliche Kluft in Cavradi,,
Schweizer Strahler 1 / 2006,P. Indergand,Aus meinen Herbstferien,,
Schweizer Strahler 1 / 2006,P. Hottinger,Tessiner Steinbrüche unter fernöstlichem Druck,,
Schweizer Strahler 1 / 2006,"H. Hkoch, C. Schnyder",Über den Asbest von Prafleuri,,
Schweizer Strahler 2 / 2006,A. Frey,Edelsteine aus dem Jura,Amethyst  ,D:\Klaus\+Mineral\Datenbank 03\Literaturdatenbank\Schweizer Strahler\Schweizer Strahler als pdf\Schweizer Strahler 2006 02 300.pdf
Schweizer Strahler 2 / 2006,R. D. Ascensao Guedes,"Mineralogische Besonderheiten des Lauzière Massivs in Savoyen, Frankreich",Anatas,
Schweizer Strahler 2 / 2006,B. Müller,Das Voralptal – eine mineralienreiche Idylle,,
Schweizer Strahler 2 / 2006,"F. Girlanda, N. Meisser, M. Antognini","Zweites Samarskiit-(Y) Vorkommen in der Schweiz am Pizzo Ruscada, Centovalli, Tessin",,
Schweizer Strahler 3 / 2006,T. Bolliger,Baryt aus der oberen Süsswassermolasse von Zürich,,D:\Klaus\+Mineral\Datenbank 03\Literaturdatenbank\Schweizer Strahler\Schweizer Strahler als pdf\Schweizer Strahler 2006 03 300.pdf
Schweizer Strahler 3 / 2006,V. Sialm-Bossard,Eine Rauchquarzkluft im Giuvgletscher,,
Schweizer Strahler 3 / 2006,C. Handschin,"Bruno Schaub, der Eisenrosenstrahler vom Steinerberg",Rekord-Eisenrose,
Schweizer Strahler 3 / 2006,W. Lergier,Wirt und Gäste: diue Schönheit von Einschlüssen,Einschlüsse in Quarz,
Schweizer Strahler 4 / 2006,T. Arlt,Die Fluoritstufe „Laurent“,,D:\Klaus\+Mineral\Datenbank 03\Literaturdatenbank\Schweizer Strahler\Schweizer Strahler als pdf\Schweizer Strahler 2006 04 300.pdf
Schweizer Strahler 4 / 2006,"St. Bottoni, S. Camada, M. Marchesini, G. Passarino","Brookit und Anatas – außergewöhnliche Funde vom Monte Bregaceto, Ligurien",,
Schweizer Strahler 4 / 2006,P. Böhm,Vom Rutil aufgespiesst,Val da Claus,
Schweizer Strahler 4 / 2006,H. Schad,Sedrun bricht den Meneghinit-Rekord,,
Schweizer Strahler 4 / 2006,C. Ferrara,Das Gold der Allondon in Genf,,
Schweizer Strahler 4 / 2006,"W. Bieri, U. Eggenberger, M. Eggimann",Goldrush im Napfgebiet ?,,
Schweizer Strahler 1 / 2007,"M. Antognini, C. Bremer","Ein ungewöhnlicher, grüner rhombendodekaedrischer Fluorit aus dem Gotthard-Basistunnel",,D:\Klaus\+Mineral\Datenbank 03\Literaturdatenbank\Schweizer Strahler\Schweizer Strahler als pdf\Schweizer Strahler 2007 01 300.pdf
Schweizer Strahler 1 / 2007,H. A. Stalder,Kluft-Mineralien aus dem Steinbruch von Arvigo im Calancatal,,
Schweizer Strahler 1 / 2007,U. Sommer,Ein Greenhorn auf Kristallsuche,,
Schweizer Strahler 1 / 2007,U. Eggenberger,"Rauchquarz vom Piz Blas, Graubünden",,
Schweizer Strahler 1 / 2007,"E. Gnos, T. Armbruster",Vesuvian,,
 ,,,,
,,,,
,,,,
,,,,
,,,,
Schweizer Strahler 3 / 2007,S. Guess,Blaue Baryte vom Piz da Ruinas Neras (Lumnezia),,D:\Klaus\+Mineral\Datenbank 03\Literaturdatenbank\Schweizer Strahler\Schweizer Strahler als pdf\Schweizer Strahler 2007 03 300.pdf
Schweizer Strahler 3 / 2007,K. H. Schad,Erdölhaltige Quarze mit außergewöhnlichem Habitus,,
Schweizer Strahler 3 / 2007,C. Ferrara,Bernstein in der Schweiz,,
Schweizer Strahler 3 / 2007,J. Probst,Interessante Funde aus dem Gotschna-Tunnel bei Klosters,,
Schweizer Strahler 3 / 2007,"S. Guess, L. Dolezalek",Die Zwei-Brücken-Kluft,Cavradi,
Schweizer Strahler 4 / 2007,R. Ottiger,Eine neue Saurierfundstelle im Fricktal,,D:\Klaus\+Mineral\Datenbank 03\Literaturdatenbank\Schweizer Strahler\Schweizer Strahler als pdf\Schweizer Strahler 2007 04 300.pdf
Schweizer Strahler 4 / 2007,P. Tanner,Sonntagsstrahler im Glück,Grimsel,
Schweizer Strahler 4 / 2007,A. Wagner,Unvergessliche Zeichnungen und Photos,P. Stuker,
Schweizer Strahler 4 / 2007,A. Stucki,Kristalle vom Ozeanboden in den Alpen ? Teil zwei,Rodingite,
Schweizer Strahler 4 / 2007,B. Wanner,Die Frau eines Kristallsuchers,,
Schweizer Strahler 4 / 2007,C. Ferrara,Edelsteine und Vulkanismus,"Rio Pezzioulou, Frankreich Saphire",
Schweizer Strahler 1 / 2008,D. Schmid,Strahlen: von den Anfängen zu den Erfolgen,,D:\Klaus\+Mineral\Datenbank 03\Literaturdatenbank\Schweizer Strahler\Schweizer Strahler als pdf\Schweizer Strahler 2008 01 300.pdf
Schweizer Strahler 1 / 2008,"S. Cuchet, N. Meisser",Zeolithe vom Pièce-Gletscher bei Arolla (Wallis),,
Schweizer Strahler 1 / 2008,"S. Eggs, A. Salzmann",Mineralogische Entdeckungen am Catogne,,
Schweizer Strahler 1 / 2008,J. Schwanz,Gold und Anatas vom Binntal,,
Schweizer Strahler 1 / 2008,J. Peter,"Die Kristallisationsfolge in der Lärcheltinizone, Binntal",,
Schweizer Strahler 2 / 2008,M. Schälchli,Unterwegs im Tessin – Erlebnisse einer Strahlerin,,D:\Klaus\+Mineral\Datenbank 03\Literaturdatenbank\Schweizer Strahler\Schweizer Strahler als pdf\Schweizer Strahler 2008 02 300.pdf
Schweizer Strahler 2 / 2008,T. Schüpbach,Portofolio: Brookit aus den Schweizer Alpen,,
Schweizer Strahler 2 / 2008,"A. Wagner, P. Stuker",Mineralien im Granophyr von Carona,,
Schweizer Strahler 2 / 2008,F. Imhof,Die Kluft am Galmigletscher,,
Schweizer Strahler 3 / 2008,"A. Frey, T. Mummenthaler",Chrom- und Vanadiumhaltige Turmaline vom Binntal,,D:\Klaus\+Mineral\Datenbank 03\Literaturdatenbank\Schweizer Strahler\Schweizer Strahler als pdf\Schweizer Strahler 2008 03 300.pdf
Schweizer Strahler 3 / 2008,"K. Worni, O. Roth",Anhydritquarze,,
Schweizer Strahler 3 / 2008,F. Walter,Anhydrit in Quarzkristallen aus den Ostalpen,,
Schweizer Strahler 3 / 2008,N. Meisser,"Das Pyritvorkommen im Steinbruch von Eclepens, Kanton Vaud",,
Schweizer Strahler 3 / 2008,H. R. Rüegg,Molybdänit vom Lötschberg-Basistunnel,,
Schweizer Strahler 3 / 2008,J. Probst,Schöne Funde aus einer fast vergessenen Lagerstätte,"Tieftobel, Schmitten",
Schweizer Strahler 4 / 2008,"B. A. Hofmann, A. Flisch",Die Eisenrose vom Ritterpass – Anatomie einer Fälschung,,D:\Klaus\+Mineral\Datenbank 03\Literaturdatenbank\Schweizer Strahler\Schweizer Strahler als pdf\Schweizer Strahler 2008 04 300.pdf
Schweizer Strahler 4 / 2008,W. von Weissenfluh,Variantenreiche neue Grimselkluft,,
Schweizer Strahler 4 / 2008,A. Wagner,Zufallstreffer – oder weiße und graue Zonen Teil 1,,
Schweizer Strahler 1 / 2009,M. Andres,"Armenit , Erstfund mit Anfängerglück",,D:\Klaus\+Mineral\Datenbank 03\Literaturdatenbank\Schweizer Strahler\Schweizer Strahler als pdf\Schweizer Strahler 2009 01 300.pdf
Schweizer Strahler 1 / 2009,"O. Müntener, J. Hermann",Eine neue geologische Karte des Val Malenco,,
Schweizer Strahler 1 / 2009,T. Bolli,Das ist Bergbau mit primitivsten Mitteln,Planggenstock,
Schweizer Strahler 1 / 2009,A. Wagner,Zufallstreffer – oder weiße und graue Zonen Teil 1,,
Schweizer Strahler 2 / 2009,S. Bättig,"La Reuchenette, eine erloschene Fundstelle",,D:\Klaus\+Mineral\Datenbank 03\Literaturdatenbank\Schweizer Strahler\Schweizer Strahler als pdf\Schweizer Strahler 2009 02 300.pdf
Schweizer Strahler 2 / 2009,F. Brughera,Das Calancatal und seine Geheimnisse: Perowskit,,
Schweizer Strahler 2 / 2009,M. Borzykowski,Flussgold aus der Versoix,,
Schweizer Strahler 2 / 2009,T. Bolli,Schockspuren im Tessiner Quarz,,
Schweizer Strahler 3 / 2009,"J. Peter, N. Meisser","Anatas, Cleusonit, Chernovit-(Y) und arsenhaltiger Monazit-(Ce)",Lärcheltini,D:\Klaus\+Mineral\Datenbank 03\Literaturdatenbank\Schweizer Strahler\Schweizer Strahler als pdf\Schweizer Strahler 2009 03 300.pdf
Schweizer Strahler 3 / 2009,W. Gabriel ,Oberflächenveränderungen an grau-schwarzen Sulfosalzen aus der Lengenbach-Grube,,
Schweizer Strahler 3 / 2009,C. Handschin,Wenn Mineralien und Fossilien gefälscht werden,,
Schweizer Strahler 3 / 2009,T. Bolli,Die hohe Kunst des Edelsteinerkennens,,
Schweizer Strahler 3 / 2009,"E. Reusser, D. Günther",Minerale unter dem Messer: Instrumentelle Analytik in der Mineralogie,,
Schweizer Strahler 4 / 2009,M. Hiltbrunner,Alpine Haldenfunde,,D:\Klaus\+Mineral\Datenbank 03\Literaturdatenbank\Schweizer Strahler\Schweizer Strahler als pdf\Schweizer Strahler 2009 04 300.pdf
Schweizer Strahler 4 / 2009,S. Schnyder,Mineralien der Combe de Barasson am Grossen Sankt Bernhard,,
Schweizer Strahler 4 / 2009,T. Armbruster,Zeolithe im Alltag,,
Schweizer Strahler 4 / 2009,O. Roth,Das ganze Jahr Mineralienbörse,Internetauktionen,
Schweizer Strahler 4 / 2009,"O. Roth, M. Walter, F. Brughera",Die SVSM macht Vorschläge zum geplanten Parc Adula,,
Schweizer Strahler 1 / 2010,"F. Girlanda, M. Antognini",Aussergewöhnliche Zirkone aus dem Centovalli,,D:\Klaus\+Mineral\Datenbank 03\Literaturdatenbank\Schweizer Strahler\Schweizer Strahler als pdf\Schweizer Strahler 2010 01 300.pdf
Schweizer Strahler 1 / 2010,"C. Vifian, P. Kuster",Das Pünktchen auf dem i,"Piz a Spescha, Val Medels",
Schweizer Strahler 1 / 2010,S. Bättig,Eine außergewöhnliche Mineralstufe und ihre Geschichte,"Anglesit, Grosstal, Uri",
Schweizer Strahler 2 / 2010,R. Widmer,Euklas aus der Levantina,,D:\Klaus\+Mineral\Datenbank 03\Literaturdatenbank\Schweizer Strahler\Schweizer Strahler als pdf\Schweizer Strahler 2010 02 300.pdf
Schweizer Strahler 2 / 2010,T. Bolli,Die perfekten Calcite aus dem Luzerner Untergrund,,
Schweizer Strahler 2 / 2010,"S. Graeser, P. J. Andermatt",Calcium-Oxid – ein mineralogisches Rätsel,,
Schweizer Strahler 2 / 2010,M. Uebelhart,Öl auf Leinwand – oder das Viereck-Syndrom,Ölmalerei von Mineralstufen,
Schweizer Strahler 2 / 2010,W. Gabriel ,Pustelartige Gebilde im Dolomit des Lengenbachs,Zinkblende Relikte,
Schweizer Strahler 3 / 2010,P. J. Andermatt,Mineralogie im Steinbruch Holcim in Eclépens,,D:\Klaus\+Mineral\Datenbank 03\Literaturdatenbank\Schweizer Strahler\Schweizer Strahler als pdf\Schweizer Strahler 2010 03 300.pdf
Schweizer Strahler 3 / 2010,A. Colaco,Mund biete mehr als nur Safran,Chabasit,
Schweizer Strahler 3 / 2010,C. Handschin,Bernstein – das Gold des Nordens,,
Schweizer Strahler 3 / 2010,C. Handschin,Geschönte Steine – Fälschungen zum Zweiten,,
Schweizer Strahler 3 / 2010,O. Roth,Eine Strahlertour will vorbereitet sein,,
Schweizer Strahler 4 / 2010,T. Bolli,„Das waren alles Notbergungen“,NEAT,D:\Klaus\+Mineral\Datenbank 03\Literaturdatenbank\Schweizer Strahler\Schweizer Strahler als pdf\Schweizer Strahler 2010 04 300.pdf
Schweizer Strahler 4 / 2010,P. Fontana,Zum Wesen der Phantomkristalle,,
Schweizer Strahler 4 / 2010,O. Roth,Was ist Cervandonit ? Das Internet hilft,,
Schweizer Strahler 4 / 2010,D. Sutter,Künstliche Kristalle – ein Überblick,,
Schweizer Strahler 1 / 2011,B. A. Hofmann,Die Bergkristalle vom Planggenstock sind in Bern angekommen,,D:\Klaus\+Mineral\Datenbank 03\Literaturdatenbank\Schweizer Strahler\Schweizer Strahler als pdf\Schweizer Strahler 2011 01 300.pdf
Schweizer Strahler 1 / 2011,V. Scapozza,Prehnitkristalle am Lukmanier,,
Schweizer Strahler 1 / 2011,B. Fahrni,Strahlen an der Birchlaui,,
Schweizer Strahler 1 / 2011,"C. Renggli, T. Armbruster",Weinstein – ein besonderer Kristall,,
Schweizer Strahler 2 / 2011,"S. Ansermet, N. Meisser, S. Cuchet",Ein Hauch Carrara im Wallis – zur Mineralogie des Steinbruchs La Platriere in Lens,"Jordanit- Geokronit, Kesterit, Wurtzit, Colusit, Moeloit, Guettardit, Nekrasovit, Sulfosalze",D:\Klaus\+Mineral\Datenbank 03\Literaturdatenbank\Schweizer Strahler\Schweizer Strahler als pdf\Schweizer Strahler 2011 02 300.pdf
Schweizer Strahler 2 / 2011,C. Aebi,Erlengestrüpp und Strahlerglück im Lötschental,,
Schweizer Strahler 2 / 2011,W. Gabriel ,Lengenbach: Sulfosalz-Mineralien mit sichtbaren Veränderungen an der Kristalloberfläche,,
Schweizer Strahler 2 / 2011,S. Bättig,Grimselit: Rares Sekundärmineral mit Typlokalität Grimselgebiet,,
Schweizer Strahler 3 / 2011,W. Kohn,Die Jagd nach Lristallen zwischen Himmel und Erde,,D:\Klaus\+Mineral\Datenbank 03\Literaturdatenbank\Schweizer Strahler\Schweizer Strahler als pdf\Schweizer Strahler 2011 03 300.pdf
Schweizer Strahler 3 / 2011,W. Gabriel ,Lengenbach: Beobachtungen und EDS-Untersuchungen an Wurtziten vom Typ 2H,,
Schweizer Strahler 3 / 2011,W. Niggli,Meine Mineraliensammlung,,
Schweizer Strahler 3 / 2011,M. Jost,Sammlerglück mit Meteoriten,,
Schweizer Strahler 4 / 2011,T. Raber,Chromhaltige Turmaline aus dem Lengenbach,,D:\Klaus\+Mineral\Datenbank 03\Literaturdatenbank\Schweizer Strahler\Schweizer Strahler als pdf\Schweizer Strahler 2011 04 300.pdf
Schweizer Strahler 4 / 2011,G. Gnehm,1969: Strahlen ist wieder modern,Wunder des Quarzes – Wem gehört der Stein – Mit Helikopter auf Kristallsuche,
Schweizer Strahler 4 / 2011,S. Graeser,Die Wurtzite vom Lengenbach – Polymorphie und Polytypie,,
Schweizer Strahler 1 / 2012,P. Amacher,Titanit aus dem Furkagebiet,,D:\Klaus\+Mineral\Datenbank 03\Literaturdatenbank\Schweizer Strahler\Schweizer Strahler als pdf\Schweizer Strahler 2012 01 300.pdf
Schweizer Strahler 1 / 2012,P. J. Andermatt,"Die Morphologie der Calcitkristalle vom Steinbruch des Buis, La Sarraz, Waadt",,
Schweizer Strahler 1 / 2012,O. Roth,Mineralien sammeln – wohin ?,,
Schweizer Strahler 2 / 2012,S. Bättig,Tiefblauer Cölestin aus den Steinbrüchen des Jura,,D:\Klaus\+Mineral\Datenbank 03\Literaturdatenbank\Schweizer Strahler\Schweizer Strahler als pdf\Schweizer Strahler 2012 02 300.pdf
Schweizer Strahler 2 / 2012,V. Sicher,"Mineraliensammeln einst und jetzt, in den Alpen und anderswo",,
Schweizer Strahler 2 / 2012,E. Moor,Überraschungen aus der Steinwelt des Mittellandes,Jaspis,
Schweizer Strahler 2 / 2012,T. Bolli,Ein Museum für die Kunst des Kristallsuchens,,
Schweizer Strahler 3 / 2012,Y. Donnet-Monay,Die Berge rund um Brig – ein Paradies für Strahler und Mineralogen,,D:\Klaus\+Mineral\Datenbank 03\Literaturdatenbank\Schweizer Strahler\Schweizer Strahler als pdf\Schweizer Strahler 2012 03 300.pdf
Schweizer Strahler 3 / 2012,S. Graeser,Neue Mineralien – wie viele noch ?,,
Schweizer Strahler 3 / 2012,C. Handschin,Mineralien und Fossilien als Zahlungsmittel für Dienstleistungen der Post,,
Schweizer Strahler 3 / 2012,T. Bolli,Val Medel : Pläne für gewerbsmässigen Goldabbau gebremst,,
Schweizer Strahler 3 / 2012,H. Bender,Ein merkwürdiger Eiszapfen,"aufrecht, trigonal, Sublimation",
Schweizer Strahler 4 / 2012,"S. Ansermet, N. Meisser, S. Cuchet",Die kupferhaltige Mineralisierung am Six Blanc im Wallis,,D:\Klaus\+Mineral\Datenbank 03\Literaturdatenbank\Schweizer Strahler\Schweizer Strahler als pdf\Schweizer Strahler 2012 04 300.pdf
Schweizer Strahler 4 / 2012,M. Waldmeier,Mein wiedererwachtes Interesse an den Jura-Mineralien,,
Schweizer Strahler 4 / 2012,P. Rustemeyer,Schweizer Turmaline (I),,
Schweizer Strahler 4 / 2012,T. Bolli,Die Farben der Gesteine – oder die Schweiz als Wille und Pulver,Pigmente,
Schweizer Strahler 4 / 2012,H. Leitel,Seltene Erden auf dem Tiefseegrund,,
Schweizer Strahler 1 / 2013,F. Kauffungen,Fringelit – oder das Wunder eines Farbstoffes,,D:\Klaus\+Mineral\Datenbank 03\Literaturdatenbank\Schweizer Strahler\Schweizer Strahler als pdf\Schweizer Strahler 2013 01 300.pdf
Schweizer Strahler 1 / 2013,K. Bäbler,"Brookite aus Elm, Kanton Glarus",,
Schweizer Strahler 1 / 2013,P. Krieger,Das Binntal und seine Bergwelt – ein Paradies für Strahler und Mineralogen,,
Schweizer Strahler 1 / 2013,"N. D. Greber, B. A. Hofmann",Minerale in der Molybdänitlagerstätte am Alpjuhorn im Baltschiedertal (VS),,
Schweizer Strahler 1 / 2013,S. Lareida,Unerwarteter Prehnitfund im Bergell,,
Schweizer Strahler 2 / 2013,"E. Gnos, E. Janots, A. Burger",Wenn ein kleines Mineral groß rauskommt: Kluft-Monazit,,D:\Klaus\+Mineral\Datenbank 03\Literaturdatenbank\Schweizer Strahler\Schweizer Strahler als pdf\Schweizer Strahler 2013 02 300.pdf
Schweizer Strahler 2 / 2013,P. Amacher,Über den Brookit im Raum Amsteg UR,,
Schweizer Strahler 2 / 2013,P. Gasser,Gips in Ammoniten-Hohlräumen aus dem Baselbieter Jura,,
Schweizer Strahler 2 / 2013,P. Rustemeyer,Schweizer Turmaline (I),,
Schweizer Strahler 2 / 2013,P. Indergand-Helfenstein,Vier Geschichten rund um das Mineral Chabasit,,
Schweizer Strahler 3 / 2013,Y. Donnet-Monay,Schöner Fensterquarzfund in der Gemeinde Troistorrents im Val d´Ílliez,,D:\Klaus\+Mineral\Datenbank 03\Literaturdatenbank\Schweizer Strahler\Schweizer Strahler als pdf\Schweizer Strahler 2013 03 300.pdf
Schweizer Strahler 3 / 2013,"P. Roth, N. Meisser",Die seltenen Mineralien der Bündner Manganvorkommen,,
Schweizer Strahler 3 / 2013,T. Raber,Pearceit-Polybasit-Mischkristalle,Lengenbach,
Schweizer Strahler 3 / 2013,P. J. Andermatt,"Calcium-Manganoxid von Holderbank, Aargau",,
,,,,
,,,,
,,,,
,,,,
,,,,
Schweizer Strahler 2 / 2014,"M. Grumbach, S. Cuchet, A. Van der Burgt",Das Binntal enthüllt ein großes Geheimnis,"Ritterpass – Cima de Piodelle, Boxwork, Alpe Veglia, Beta-Fergusonit, Genthelvin, Dessauit-(Y), Gramaccioliit-(Y)",D:\Klaus\+Mineral\Datenbank 03\Literaturdatenbank\Schweizer Strahler\Schweizer Strahler als pdf\Schweizer Strahler 2014 02 300.pdf